20:33:39.541 [main] INFO org.apache.cassandra.config.DatabaseDescriptor -- Supported sstable formats are: big -> org.apache.cassandra.io.sstable.format.big.BigFormat with singleton components: [Data.db, Index.db, Statistics.db, CompressionInfo.db, Filter.db, Summary.db, Digest.crc32, CRC.db, TOC.txt], bti -> org.apache.cassandra.io.sstable.format.bti.BtiFormat with singleton components: [Data.db, Partitions.db, Rows.db, Statistics.db, CompressionInfo.db, Filter.db, Digest.crc32, CRC.db, TOC.txt]
WARNING: Jamm is starting with the UseEmptySlotsInSupers JVM option disabled. The memory layout created when this option is enabled cannot always be reproduced accurately by the Specification or UNSAFE strategies. By consequence the measured sizes when these strategies are used might be off in some cases.
WARNING: A terminally deprecated method in sun.misc.Unsafe has been called
WARNING: sun.misc.Unsafe::arrayBaseOffset has been called by org.github.jamm.strategies.UnsafeStrategy (file:/home/cscotta/projects/cassandra/build/lib/jars/jamm-0.4.0.jar)
WARNING: Please consider reporting this to the maintainers of class org.github.jamm.strategies.UnsafeStrategy
WARNING: sun.misc.Unsafe::arrayBaseOffset will be removed in a future release
Computing 64000000 Murmur3 tokens...
Sorting by token...
Writing 10 token-disjoint shards to /home/cscotta/projects/cassandra/io_uring_bench/staging ...
20:33:41.213 [gen-shard-0] DEBUG io.netty.util.internal.logging.InternalLoggerFactory -- Using SLF4J as the default logging framework
20:33:41.213 [gen-shard-0] DEBUG io.netty.util.internal.InternalThreadLocalMap -- -Dio.netty.threadLocalMap.stringBuilder.initialSize: 1024
20:33:41.214 [gen-shard-0] DEBUG io.netty.util.internal.InternalThreadLocalMap -- -Dio.netty.threadLocalMap.stringBuilder.maxSize: 4096
20:33:41.318 [gen-shard-0] INFO org.apache.cassandra.utils.FBUtilities -- InetAddress.getLocalHost() was used to resolve listen_address to amx/192.168.12.170, double check this is correct. Please check your node's config and set the listen_address in cassandra.yaml accordingly if applicable.
20:33:41.338 [gen-shard-0] INFO org.apache.cassandra.tcm.log.LocalLog -- Marking LocalLog ready at epoch Epoch{epoch=0}
20:33:41.339 [gen-shard-0] DEBUG org.apache.cassandra.tcm.log.LocalLog -- Marking LocalLog ready at epoch Epoch{epoch=0}
20:33:41.339 [gen-shard-0] INFO org.apache.cassandra.tcm.log.LocalLog -- Adding specified listeners to LocalLog
20:33:41.339 [gen-shard-0] INFO org.apache.cassandra.tcm.log.LocalLog -- Notifying all registered listeners of both pre and post commit event
20:33:41.339 [gen-shard-0] INFO org.apache.cassandra.tcm.log.LocalLog -- Notifying listeners, prev epoch = Epoch{epoch=0}, current epoch = Epoch{epoch=0}
20:33:41.339 [gen-shard-0] INFO org.apache.cassandra.tcm.RegistrationStatus -- Node is initialized, moving to UNREGISTERED state
20:33:41.358 [gen-shard-8] INFO org.apache.cassandra.cql3.QueryProcessor -- Initialized prepared statement caches with 0 MiB
20:33:41.363 [gen-shard-0] DEBUG org.apache.cassandra.schema.Schema -- Submitting schema transformation org.apache.cassandra.schema.SchemaTransformations$1@243514b8
20:33:41.367 [gen-shard-0] DEBUG org.apache.cassandra.tcm.transformations.AlterSchema -- Schema change affects data placements, relevant keyspaces: [KeyspaceMetadata{name=iouring_bench, kind=REGULAR, params=KeyspaceParams{durable_writes=true, replication=ReplicationParams{class=org.apache.cassandra.locator.SimpleStrategy, replication_factor=1}, fast_path=simple, COMMENT=, SECURITY_LABEL=}, tables=[], views=[], functions=[], types=[]}]
20:33:41.380 [gen-shard-0] DEBUG org.apache.cassandra.schema.Schema -- Submitting schema transformation org.apache.cassandra.schema.SchemaTransformations$3@3ce2d456
20:33:41.423 [gen-shard-0] DEBUG org.apache.cassandra.schema.Schema -- Submitting schema transformation org.apache.cassandra.schema.SchemaTransformations$2@4b331a32
20:33:41.426 [gen-shard-0] DEBUG org.apache.cassandra.schema.Schema -- Submitting schema transformation org.apache.cassandra.schema.SchemaTransformations$2@6a84110b
20:33:41.464 [gen-shard-5] DEBUG org.apache.cassandra.schema.Schema -- Submitting schema transformation org.apache.cassandra.schema.SchemaTransformations$1@44dba17e
20:33:41.466 [gen-shard-6] DEBUG org.apache.cassandra.schema.Schema -- Submitting schema transformation org.apache.cassandra.schema.SchemaTransformations$1@497283a
20:33:41.467 [gen-shard-7] DEBUG org.apache.cassandra.schema.Schema -- Submitting schema transformation org.apache.cassandra.schema.SchemaTransformations$1@2c89878
20:33:41.468 [gen-shard-1] DEBUG org.apache.cassandra.schema.Schema -- Submitting schema transformation org.apache.cassandra.schema.SchemaTransformations$1@2ec481da
20:33:41.468 [gen-shard-8] DEBUG org.apache.cassandra.schema.Schema -- Submitting schema transformation org.apache.cassandra.schema.SchemaTransformations$1@77c83190
20:33:41.469 [gen-shard-4] DEBUG org.apache.cassandra.schema.Schema -- Submitting schema transformation org.apache.cassandra.schema.SchemaTransformations$1@4a53a3d
20:33:41.469 [gen-shard-2] DEBUG org.apache.cassandra.schema.Schema -- Submitting schema transformation org.apache.cassandra.schema.SchemaTransformations$1@14f749d7
20:33:41.470 [gen-shard-9] DEBUG org.apache.cassandra.schema.Schema -- Submitting schema transformation org.apache.cassandra.schema.SchemaTransformations$1@3472e500
20:33:41.471 [gen-shard-3] DEBUG org.apache.cassandra.schema.Schema -- Submitting schema transformation org.apache.cassandra.schema.SchemaTransformations$1@20eaec68
20:33:41.979 [Thread-3] INFO org.apache.cassandra.utils.MonotonicClock$AbstractEpochSamplingClock -- Scheduling approximate time conversion task with an interval of 10000 milliseconds
20:33:41.979 [Thread-3] INFO org.apache.cassandra.utils.MonotonicClock$SampledClock -- Scheduling approximate time-check task with a precision of 2 milliseconds
20:33:44.024 [Thread-6] INFO org.apache.cassandra.db.lifecycle.LogTransaction -- Unfinished transaction log, deleting /home/cscotta/projects/cassandra/io_uring_bench/staging/shard1/pa_txn_write_a68bccf8-79b4-11f1-9be0-19fcd191da39.log 
20:33:44.519 [Thread-3] INFO org.apache.cassandra.db.lifecycle.LogTransaction -- Unfinished transaction log, deleting /home/cscotta/projects/cassandra/io_uring_bench/staging/shard5/pa_txn_write_a68bccd0-79b4-11f1-9be0-19fcd191da39.log 
20:33:44.527 [Thread-8] INFO org.apache.cassandra.db.lifecycle.LogTransaction -- Unfinished transaction log, deleting /home/cscotta/projects/cassandra/io_uring_bench/staging/shard4/pa_txn_write_a68f9d60-79b4-11f1-9be0-19fcd191da39.log 
20:33:44.543 [Thread-7] INFO org.apache.cassandra.db.lifecycle.LogTransaction -- Unfinished transaction log, deleting /home/cscotta/projects/cassandra/io_uring_bench/staging/shard8/pa_txn_write_a68bf3ea-79b4-11f1-9be0-19fcd191da39.log 
20:33:44.544 [Thread-11] INFO org.apache.cassandra.db.lifecycle.LogTransaction -- Unfinished transaction log, deleting /home/cscotta/projects/cassandra/io_uring_bench/staging/shard3/pa_txn_write_a68bccee-79b4-11f1-9be0-19fcd191da39.log 
20:33:44.680 [Thread-4] INFO org.apache.cassandra.db.lifecycle.LogTransaction -- Unfinished transaction log, deleting /home/cscotta/projects/cassandra/io_uring_bench/staging/shard6/pa_txn_write_a69569c0-79b4-11f1-9be0-19fcd191da39.log 
20:33:44.709 [Thread-2] INFO org.apache.cassandra.db.lifecycle.LogTransaction -- Unfinished transaction log, deleting /home/cscotta/projects/cassandra/io_uring_bench/staging/shard0/pa_txn_write_a68bf3e0-79b4-11f1-9be0-19fcd191da39.log 
20:33:44.775 [Thread-9] INFO org.apache.cassandra.db.lifecycle.LogTransaction -- Unfinished transaction log, deleting /home/cscotta/projects/cassandra/io_uring_bench/staging/shard2/pa_txn_write_a68bcce4-79b4-11f1-9be0-19fcd191da39.log 
20:33:44.802 [Thread-5] INFO org.apache.cassandra.db.lifecycle.LogTransaction -- Unfinished transaction log, deleting /home/cscotta/projects/cassandra/io_uring_bench/staging/shard7/pa_txn_write_a6a76b20-79b4-11f1-9be0-19fcd191da39.log 
20:33:44.951 [Thread-10] INFO org.apache.cassandra.db.lifecycle.LogTransaction -- Unfinished transaction log, deleting /home/cscotta/projects/cassandra/io_uring_bench/staging/shard9/pa_txn_write_a68bccda-79b4-11f1-9be0-19fcd191da39.log 
20:33:46.069 [Thread-6] INFO org.apache.cassandra.db.lifecycle.LogTransaction -- Unfinished transaction log, deleting /home/cscotta/projects/cassandra/io_uring_bench/staging/shard1/pa_txn_write_a7bc84a0-79b4-11f1-9be0-19fcd191da39.log 
20:33:46.304 [Thread-3] INFO org.apache.cassandra.db.lifecycle.LogTransaction -- Unfinished transaction log, deleting /home/cscotta/projects/cassandra/io_uring_bench/staging/shard5/pa_txn_write_a8096c20-79b4-11f1-9be0-19fcd191da39.log 
20:33:46.436 [Thread-10] INFO org.apache.cassandra.db.lifecycle.LogTransaction -- Unfinished transaction log, deleting /home/cscotta/projects/cassandra/io_uring_bench/staging/shard9/pa_txn_write_a84849e0-79b4-11f1-9be0-19fcd191da39.log 
20:33:46.460 [Thread-9] INFO org.apache.cassandra.db.lifecycle.LogTransaction -- Unfinished transaction log, deleting /home/cscotta/projects/cassandra/io_uring_bench/staging/shard2/pa_txn_write_a82e8050-79b4-11f1-9be0-19fcd191da39.log 
  5,000,000 / 64,000,000  (910730 rows/s)
20:33:46.673 [Thread-2] INFO org.apache.cassandra.db.lifecycle.LogTransaction -- Unfinished transaction log, deleting /home/cscotta/projects/cassandra/io_uring_bench/staging/shard0/pa_txn_write_a8229970-79b4-11f1-9be0-19fcd191da39.log 
20:33:46.820 [Thread-4] INFO org.apache.cassandra.db.lifecycle.LogTransaction -- Unfinished transaction log, deleting /home/cscotta/projects/cassandra/io_uring_bench/staging/shard6/pa_txn_write_a81fb340-79b4-11f1-9be0-19fcd191da39.log 
20:33:46.843 [Thread-7] INFO org.apache.cassandra.db.lifecycle.LogTransaction -- Unfinished transaction log, deleting /home/cscotta/projects/cassandra/io_uring_bench/staging/shard8/pa_txn_write_a8126cd0-79b4-11f1-9be0-19fcd191da39.log 
20:33:46.910 [Thread-11] INFO org.apache.cassandra.db.lifecycle.LogTransaction -- Unfinished transaction log, deleting /home/cscotta/projects/cassandra/io_uring_bench/staging/shard3/pa_txn_write_a80d15a0-79b4-11f1-9be0-19fcd191da39.log 
20:33:47.229 [Thread-5] INFO org.apache.cassandra.db.lifecycle.LogTransaction -- Unfinished transaction log, deleting /home/cscotta/projects/cassandra/io_uring_bench/staging/shard7/pa_txn_write_a835d350-79b4-11f1-9be0-19fcd191da39.log 
20:33:47.536 [Thread-8] INFO org.apache.cassandra.db.lifecycle.LogTransaction -- Unfinished transaction log, deleting /home/cscotta/projects/cassandra/io_uring_bench/staging/shard4/pa_txn_write_a811d090-79b4-11f1-9be0-19fcd191da39.log 
20:33:48.121 [Thread-6] INFO org.apache.cassandra.db.lifecycle.LogTransaction -- Unfinished transaction log, deleting /home/cscotta/projects/cassandra/io_uring_bench/staging/shard1/pa_txn_write_a8f293a0-79b4-11f1-9be0-19fcd191da39.log 
20:33:48.169 [Thread-9] INFO org.apache.cassandra.db.lifecycle.LogTransaction -- Unfinished transaction log, deleting /home/cscotta/projects/cassandra/io_uring_bench/staging/shard2/pa_txn_write_a92dc7e0-79b4-11f1-9be0-19fcd191da39.log 
20:33:48.172 [Thread-10] INFO org.apache.cassandra.db.lifecycle.LogTransaction -- Unfinished transaction log, deleting /home/cscotta/projects/cassandra/io_uring_bench/staging/shard9/pa_txn_write_a92a1e60-79b4-11f1-9be0-19fcd191da39.log 
20:33:48.365 [Thread-3] INFO org.apache.cassandra.db.lifecycle.LogTransaction -- Unfinished transaction log, deleting /home/cscotta/projects/cassandra/io_uring_bench/staging/shard5/pa_txn_write_a9170b90-79b4-11f1-9be0-19fcd191da39.log 
20:33:48.508 [Thread-2] INFO org.apache.cassandra.db.lifecycle.LogTransaction -- Unfinished transaction log, deleting /home/cscotta/projects/cassandra/io_uring_bench/staging/shard0/pa_txn_write_a94e9650-79b4-11f1-9be0-19fcd191da39.log 
20:33:48.610 [Thread-7] INFO org.apache.cassandra.db.lifecycle.LogTransaction -- Unfinished transaction log, deleting /home/cscotta/projects/cassandra/io_uring_bench/staging/shard8/pa_txn_write_a96838d0-79b4-11f1-9be0-19fcd191da39.log 
20:33:48.736 [Thread-11] INFO org.apache.cassandra.db.lifecycle.LogTransaction -- Unfinished transaction log, deleting /home/cscotta/projects/cassandra/io_uring_bench/staging/shard3/pa_txn_write_a972c020-79b4-11f1-9be0-19fcd191da39.log 
20:33:49.203 [Thread-4] INFO org.apache.cassandra.db.lifecycle.LogTransaction -- Unfinished transaction log, deleting /home/cscotta/projects/cassandra/io_uring_bench/staging/shard6/pa_txn_write_a9652b90-79b4-11f1-9be0-19fcd191da39.log 
20:33:49.571 [Thread-8] INFO org.apache.cassandra.db.lifecycle.LogTransaction -- Unfinished transaction log, deleting /home/cscotta/projects/cassandra/io_uring_bench/staging/shard4/pa_txn_write_a9d1d010-79b4-11f1-9be0-19fcd191da39.log 
20:33:50.063 [Thread-6] INFO org.apache.cassandra.db.lifecycle.LogTransaction -- Unfinished transaction log, deleting /home/cscotta/projects/cassandra/io_uring_bench/staging/shard1/pa_txn_write_aa2bfe00-79b4-11f1-9be0-19fcd191da39.log 
20:33:50.168 [Thread-5] INFO org.apache.cassandra.db.lifecycle.LogTransaction -- Unfinished transaction log, deleting /home/cscotta/projects/cassandra/io_uring_bench/staging/shard7/pa_txn_write_a9a4f3b0-79b4-11f1-9be0-19fcd191da39.log 
20:33:50.361 [Thread-3] INFO org.apache.cassandra.db.lifecycle.LogTransaction -- Unfinished transaction log, deleting /home/cscotta/projects/cassandra/io_uring_bench/staging/shard5/pa_txn_write_aa516050-79b4-11f1-9be0-19fcd191da39.log 
20:33:50.389 [Thread-10] INFO org.apache.cassandra.db.lifecycle.LogTransaction -- Unfinished transaction log, deleting /home/cscotta/projects/cassandra/io_uring_bench/staging/shard9/pa_txn_write_aa3329f0-79b4-11f1-9be0-19fcd191da39.log 
20:33:50.409 [Thread-9] INFO org.apache.cassandra.db.lifecycle.LogTransaction -- Unfinished transaction log, deleting /home/cscotta/projects/cassandra/io_uring_bench/staging/shard2/pa_txn_write_aa32b4c0-79b4-11f1-9be0-19fcd191da39.log 
20:33:50.540 [Thread-2] INFO org.apache.cassandra.db.lifecycle.LogTransaction -- Unfinished transaction log, deleting /home/cscotta/projects/cassandra/io_uring_bench/staging/shard0/pa_txn_write_aa66e420-79b4-11f1-9be0-19fcd191da39.log 
20:33:50.623 [Thread-7] INFO org.apache.cassandra.db.lifecycle.LogTransaction -- Unfinished transaction log, deleting /home/cscotta/projects/cassandra/io_uring_bench/staging/shard8/pa_txn_write_aa7737d0-79b4-11f1-9be0-19fcd191da39.log 
20:33:51.125 [Thread-11] INFO org.apache.cassandra.db.lifecycle.LogTransaction -- Unfinished transaction log, deleting /home/cscotta/projects/cassandra/io_uring_bench/staging/shard3/pa_txn_write_aa89d570-79b4-11f1-9be0-19fcd191da39.log 
20:33:51.750 [Thread-8] INFO org.apache.cassandra.db.lifecycle.LogTransaction -- Unfinished transaction log, deleting /home/cscotta/projects/cassandra/io_uring_bench/staging/shard4/pa_txn_write_ab08a260-79b4-11f1-9be0-19fcd191da39.log 
20:33:51.994 [Thread-4] INFO org.apache.cassandra.db.lifecycle.LogTransaction -- Unfinished transaction log, deleting /home/cscotta/projects/cassandra/io_uring_bench/staging/shard6/pa_txn_write_aad0c980-79b4-11f1-9be0-19fcd191da39.log 
20:33:52.029 [Thread-10] INFO org.apache.cassandra.db.lifecycle.LogTransaction -- Unfinished transaction log, deleting /home/cscotta/projects/cassandra/io_uring_bench/staging/shard9/pa_txn_write_ab8d62c0-79b4-11f1-9be0-19fcd191da39.log 
20:33:52.267 [Thread-9] INFO org.apache.cassandra.db.lifecycle.LogTransaction -- Unfinished transaction log, deleting /home/cscotta/projects/cassandra/io_uring_bench/staging/shard2/pa_txn_write_ab8859b0-79b4-11f1-9be0-19fcd191da39.log 
20:33:52.305 [Thread-6] INFO org.apache.cassandra.db.lifecycle.LogTransaction -- Unfinished transaction log, deleting /home/cscotta/projects/cassandra/io_uring_bench/staging/shard1/pa_txn_write_ab5514b0-79b4-11f1-9be0-19fcd191da39.log 
20:33:52.373 [Thread-5] INFO org.apache.cassandra.db.lifecycle.LogTransaction -- Unfinished transaction log, deleting /home/cscotta/projects/cassandra/io_uring_bench/staging/shard7/pa_txn_write_ab647e00-79b4-11f1-9be0-19fcd191da39.log 
20:33:52.781 [Thread-7] INFO org.apache.cassandra.db.lifecycle.LogTransaction -- Unfinished transaction log, deleting /home/cscotta/projects/cassandra/io_uring_bench/staging/shard8/pa_txn_write_aba90110-79b4-11f1-9be0-19fcd191da39.log 
20:33:53.013 [Thread-3] INFO org.apache.cassandra.db.lifecycle.LogTransaction -- Unfinished transaction log, deleting /home/cscotta/projects/cassandra/io_uring_bench/staging/shard5/pa_txn_write_ab85e8b0-79b4-11f1-9be0-19fcd191da39.log 
  10,000,000 / 64,000,000  (838178 rows/s)
20:33:53.602 [Thread-2] INFO org.apache.cassandra.db.lifecycle.LogTransaction -- Unfinished transaction log, deleting /home/cscotta/projects/cassandra/io_uring_bench/staging/shard0/pa_txn_write_ab9ccc10-79b4-11f1-9be0-19fcd191da39.log 
20:33:53.614 [Thread-8] INFO org.apache.cassandra.db.lifecycle.LogTransaction -- Unfinished transaction log, deleting /home/cscotta/projects/cassandra/io_uring_bench/staging/shard4/pa_txn_write_ac54f880-79b4-11f1-9be0-19fcd191da39.log 
20:33:53.854 [Thread-11] INFO org.apache.cassandra.db.lifecycle.LogTransaction -- Unfinished transaction log, deleting /home/cscotta/projects/cassandra/io_uring_bench/staging/shard3/pa_txn_write_abf636b0-79b4-11f1-9be0-19fcd191da39.log 
20:33:54.298 [Thread-10] INFO org.apache.cassandra.db.lifecycle.LogTransaction -- Unfinished transaction log, deleting /home/cscotta/projects/cassandra/io_uring_bench/staging/shard9/pa_txn_write_ac7f8af0-79b4-11f1-9be0-19fcd191da39.log 
20:33:54.301 [Thread-4] INFO org.apache.cassandra.db.lifecycle.LogTransaction -- Unfinished transaction log, deleting /home/cscotta/projects/cassandra/io_uring_bench/staging/shard6/pa_txn_write_ac7af710-79b4-11f1-9be0-19fcd191da39.log 
20:33:54.321 [Thread-5] INFO org.apache.cassandra.db.lifecycle.LogTransaction -- Unfinished transaction log, deleting /home/cscotta/projects/cassandra/io_uring_bench/staging/shard7/pa_txn_write_acb45690-79b4-11f1-9be0-19fcd191da39.log 
20:33:55.055 [Thread-9] INFO org.apache.cassandra.db.lifecycle.LogTransaction -- Unfinished transaction log, deleting /home/cscotta/projects/cassandra/io_uring_bench/staging/shard2/pa_txn_write_aca429f0-79b4-11f1-9be0-19fcd191da39.log 
20:33:55.424 [Thread-6] INFO org.apache.cassandra.db.lifecycle.LogTransaction -- Unfinished transaction log, deleting /home/cscotta/projects/cassandra/io_uring_bench/staging/shard1/pa_txn_write_aca9cf40-79b4-11f1-9be0-19fcd191da39.log 
20:33:55.588 [Thread-7] INFO org.apache.cassandra.db.lifecycle.LogTransaction -- Unfinished transaction log, deleting /home/cscotta/projects/cassandra/io_uring_bench/staging/shard8/pa_txn_write_acf2bf20-79b4-11f1-9be0-19fcd191da39.log 
20:33:55.642 [Thread-3] INFO org.apache.cassandra.db.lifecycle.LogTransaction -- Unfinished transaction log, deleting /home/cscotta/projects/cassandra/io_uring_bench/staging/shard5/pa_txn_write_ad169ad0-79b4-11f1-9be0-19fcd191da39.log 
20:33:55.706 [Thread-8] INFO org.apache.cassandra.db.lifecycle.LogTransaction -- Unfinished transaction log, deleting /home/cscotta/projects/cassandra/io_uring_bench/staging/shard4/pa_txn_write_ad7360d0-79b4-11f1-9be0-19fcd191da39.log 
20:33:55.877 [Thread-2] INFO org.apache.cassandra.db.lifecycle.LogTransaction -- Unfinished transaction log, deleting /home/cscotta/projects/cassandra/io_uring_bench/staging/shard0/pa_txn_write_ad6fb750-79b4-11f1-9be0-19fcd191da39.log 
20:33:56.319 [Thread-11] INFO org.apache.cassandra.db.lifecycle.LogTransaction -- Unfinished transaction log, deleting /home/cscotta/projects/cassandra/io_uring_bench/staging/shard3/pa_txn_write_ad962b10-79b4-11f1-9be0-19fcd191da39.log 
20:33:56.374 [Thread-4] INFO org.apache.cassandra.db.lifecycle.LogTransaction -- Unfinished transaction log, deleting /home/cscotta/projects/cassandra/io_uring_bench/staging/shard6/pa_txn_write_adda8710-79b4-11f1-9be0-19fcd191da39.log 
20:33:56.676 [Thread-5] INFO org.apache.cassandra.db.lifecycle.LogTransaction -- Unfinished transaction log, deleting /home/cscotta/projects/cassandra/io_uring_bench/staging/shard7/pa_txn_write_addd4630-79b4-11f1-9be0-19fcd191da39.log 
20:33:56.792 [Thread-10] INFO org.apache.cassandra.db.lifecycle.LogTransaction -- Unfinished transaction log, deleting /home/cscotta/projects/cassandra/io_uring_bench/staging/shard9/pa_txn_write_add9ead0-79b4-11f1-9be0-19fcd191da39.log 
20:33:57.077 [Thread-9] INFO org.apache.cassandra.db.lifecycle.LogTransaction -- Unfinished transaction log, deleting /home/cscotta/projects/cassandra/io_uring_bench/staging/shard2/pa_txn_write_ae4e7e90-79b4-11f1-9be0-19fcd191da39.log 
20:33:57.388 [Thread-6] INFO org.apache.cassandra.db.lifecycle.LogTransaction -- Unfinished transaction log, deleting /home/cscotta/projects/cassandra/io_uring_bench/staging/shard1/pa_txn_write_ae87b700-79b4-11f1-9be0-19fcd191da39.log 
20:33:57.479 [Thread-3] INFO org.apache.cassandra.db.lifecycle.LogTransaction -- Unfinished transaction log, deleting /home/cscotta/projects/cassandra/io_uring_bench/staging/shard5/pa_txn_write_aea7c220-79b4-11f1-9be0-19fcd191da39.log 
20:33:57.793 [Thread-8] INFO org.apache.cassandra.db.lifecycle.LogTransaction -- Unfinished transaction log, deleting /home/cscotta/projects/cassandra/io_uring_bench/staging/shard4/pa_txn_write_aeb24970-79b4-11f1-9be0-19fcd191da39.log 
20:33:58.101 [Thread-7] INFO org.apache.cassandra.db.lifecycle.LogTransaction -- Unfinished transaction log, deleting /home/cscotta/projects/cassandra/io_uring_bench/staging/shard8/pa_txn_write_ae9ec170-79b4-11f1-9be0-19fcd191da39.log 
20:33:58.157 [Thread-2] INFO org.apache.cassandra.db.lifecycle.LogTransaction -- Unfinished transaction log, deleting /home/cscotta/projects/cassandra/io_uring_bench/staging/shard0/pa_txn_write_aecb0190-79b4-11f1-9be0-19fcd191da39.log 
20:33:58.443 [Thread-4] INFO org.apache.cassandra.db.lifecycle.LogTransaction -- Unfinished transaction log, deleting /home/cscotta/projects/cassandra/io_uring_bench/staging/shard6/pa_txn_write_af196fb0-79b4-11f1-9be0-19fcd191da39.log 
20:33:58.594 [Thread-5] INFO org.apache.cassandra.db.lifecycle.LogTransaction -- Unfinished transaction log, deleting /home/cscotta/projects/cassandra/io_uring_bench/staging/shard7/pa_txn_write_af44c570-79b4-11f1-9be0-19fcd191da39.log 
20:33:58.647 [Thread-11] INFO org.apache.cassandra.db.lifecycle.LogTransaction -- Unfinished transaction log, deleting /home/cscotta/projects/cassandra/io_uring_bench/staging/shard3/pa_txn_write_af0f5d90-79b4-11f1-9be0-19fcd191da39.log 
20:33:59.267 [Thread-3] INFO org.apache.cassandra.db.lifecycle.LogTransaction -- Unfinished transaction log, deleting /home/cscotta/projects/cassandra/io_uring_bench/staging/shard5/pa_txn_write_afc05e10-79b4-11f1-9be0-19fcd191da39.log 
20:33:59.307 [Thread-10] INFO org.apache.cassandra.db.lifecycle.LogTransaction -- Unfinished transaction log, deleting /home/cscotta/projects/cassandra/io_uring_bench/staging/shard9/pa_txn_write_af57d840-79b4-11f1-9be0-19fcd191da39.log 
20:33:59.576 [Thread-9] INFO org.apache.cassandra.db.lifecycle.LogTransaction -- Unfinished transaction log, deleting /home/cscotta/projects/cassandra/io_uring_bench/staging/shard2/pa_txn_write_af826ab0-79b4-11f1-9be0-19fcd191da39.log 
20:33:59.631 [Thread-8] INFO org.apache.cassandra.db.lifecycle.LogTransaction -- Unfinished transaction log, deleting /home/cscotta/projects/cassandra/io_uring_bench/staging/shard4/pa_txn_write_afefd280-79b4-11f1-9be0-19fcd191da39.log 
20:33:59.760 [Thread-6] INFO org.apache.cassandra.db.lifecycle.LogTransaction -- Unfinished transaction log, deleting /home/cscotta/projects/cassandra/io_uring_bench/staging/shard1/pa_txn_write_afb22d40-79b4-11f1-9be0-19fcd191da39.log 
20:34:00.153 [Thread-11] INFO org.apache.cassandra.db.lifecycle.LogTransaction -- Unfinished transaction log, deleting /home/cscotta/projects/cassandra/io_uring_bench/staging/shard3/pa_txn_write_b071d3c0-79b4-11f1-9be0-19fcd191da39.log 
  15,000,000 / 64,000,000  (783639 rows/s)
20:34:00.375 [Thread-4] INFO org.apache.cassandra.db.lifecycle.LogTransaction -- Unfinished transaction log, deleting /home/cscotta/projects/cassandra/io_uring_bench/staging/shard6/pa_txn_write_b0528bf0-79b4-11f1-9be0-19fcd191da39.log 
20:34:00.561 [Thread-5] INFO org.apache.cassandra.db.lifecycle.LogTransaction -- Unfinished transaction log, deleting /home/cscotta/projects/cassandra/io_uring_bench/staging/shard7/pa_txn_write_b069bd70-79b4-11f1-9be0-19fcd191da39.log 
20:34:00.684 [Thread-7] INFO org.apache.cassandra.db.lifecycle.LogTransaction -- Unfinished transaction log, deleting /home/cscotta/projects/cassandra/io_uring_bench/staging/shard8/pa_txn_write_b01e5c90-79b4-11f1-9be0-19fcd191da39.log 
20:34:01.213 [Thread-2] INFO org.apache.cassandra.db.lifecycle.LogTransaction -- Unfinished transaction log, deleting /home/cscotta/projects/cassandra/io_uring_bench/staging/shard0/pa_txn_write_b02847a0-79b4-11f1-9be0-19fcd191da39.log 
20:34:01.380 [Thread-3] INFO org.apache.cassandra.db.lifecycle.LogTransaction -- Unfinished transaction log, deleting /home/cscotta/projects/cassandra/io_uring_bench/staging/shard5/pa_txn_write_b0d37bc0-79b4-11f1-9be0-19fcd191da39.log 
20:34:01.885 [Thread-6] INFO org.apache.cassandra.db.lifecycle.LogTransaction -- Unfinished transaction log, deleting /home/cscotta/projects/cassandra/io_uring_bench/staging/shard1/pa_txn_write_b11b8140-79b4-11f1-9be0-19fcd191da39.log 
20:34:02.048 [Thread-8] INFO org.apache.cassandra.db.lifecycle.LogTransaction -- Unfinished transaction log, deleting /home/cscotta/projects/cassandra/io_uring_bench/staging/shard4/pa_txn_write_b10931c0-79b4-11f1-9be0-19fcd191da39.log 
20:34:02.119 [Thread-7] INFO org.apache.cassandra.db.lifecycle.LogTransaction -- Unfinished transaction log, deleting /home/cscotta/projects/cassandra/io_uring_bench/staging/shard8/pa_txn_write_b1a94250-79b4-11f1-9be0-19fcd191da39.log 
20:34:02.177 [Thread-10] INFO org.apache.cassandra.db.lifecycle.LogTransaction -- Unfinished transaction log, deleting /home/cscotta/projects/cassandra/io_uring_bench/staging/shard9/pa_txn_write_b0d77360-79b4-11f1-9be0-19fcd191da39.log 
20:34:02.307 [Thread-9] INFO org.apache.cassandra.db.lifecycle.LogTransaction -- Unfinished transaction log, deleting /home/cscotta/projects/cassandra/io_uring_bench/staging/shard2/pa_txn_write_b1000a00-79b4-11f1-9be0-19fcd191da39.log 
20:34:02.756 [Thread-11] INFO org.apache.cassandra.db.lifecycle.LogTransaction -- Unfinished transaction log, deleting /home/cscotta/projects/cassandra/io_uring_bench/staging/shard3/pa_txn_write_b1579fe0-79b4-11f1-9be0-19fcd191da39.log 
20:34:03.086 [Thread-4] INFO org.apache.cassandra.db.lifecycle.LogTransaction -- Unfinished transaction log, deleting /home/cscotta/projects/cassandra/io_uring_bench/staging/shard6/pa_txn_write_b179a6d0-79b4-11f1-9be0-19fcd191da39.log 
20:34:03.671 [Thread-3] INFO org.apache.cassandra.db.lifecycle.LogTransaction -- Unfinished transaction log, deleting /home/cscotta/projects/cassandra/io_uring_bench/staging/shard5/pa_txn_write_b213c3f0-79b4-11f1-9be0-19fcd191da39.log 
20:34:03.831 [Thread-5] INFO org.apache.cassandra.db.lifecycle.LogTransaction -- Unfinished transaction log, deleting /home/cscotta/projects/cassandra/io_uring_bench/staging/shard7/pa_txn_write_b19719e0-79b4-11f1-9be0-19fcd191da39.log 
20:34:03.860 [Thread-2] INFO org.apache.cassandra.db.lifecycle.LogTransaction -- Unfinished transaction log, deleting /home/cscotta/projects/cassandra/io_uring_bench/staging/shard0/pa_txn_write_b1fa2170-79b4-11f1-9be0-19fcd191da39.log 
20:34:04.120 [Thread-7] INFO org.apache.cassandra.db.lifecycle.LogTransaction -- Unfinished transaction log, deleting /home/cscotta/projects/cassandra/io_uring_bench/staging/shard8/pa_txn_write_b2839cc0-79b4-11f1-9be0-19fcd191da39.log 
20:34:04.712 [Thread-6] INFO org.apache.cassandra.db.lifecycle.LogTransaction -- Unfinished transaction log, deleting /home/cscotta/projects/cassandra/io_uring_bench/staging/shard1/pa_txn_write_b26454f0-79b4-11f1-9be0-19fcd191da39.log 
20:34:04.734 [Thread-10] INFO org.apache.cassandra.db.lifecycle.LogTransaction -- Unfinished transaction log, deleting /home/cscotta/projects/cassandra/io_uring_bench/staging/shard9/pa_txn_write_b28ceb90-79b4-11f1-9be0-19fcd191da39.log 
20:34:04.774 [Thread-11] INFO org.apache.cassandra.db.lifecycle.LogTransaction -- Unfinished transaction log, deleting /home/cscotta/projects/cassandra/io_uring_bench/staging/shard3/pa_txn_write_b2e8a020-79b4-11f1-9be0-19fcd191da39.log 
20:34:04.814 [Thread-8] INFO org.apache.cassandra.db.lifecycle.LogTransaction -- Unfinished transaction log, deleting /home/cscotta/projects/cassandra/io_uring_bench/staging/shard4/pa_txn_write_b279ffd0-79b4-11f1-9be0-19fcd191da39.log 
20:34:04.838 [Thread-9] INFO org.apache.cassandra.db.lifecycle.LogTransaction -- Unfinished transaction log, deleting /home/cscotta/projects/cassandra/io_uring_bench/staging/shard2/pa_txn_write_b2a44420-79b4-11f1-9be0-19fcd191da39.log 
20:34:05.921 [Thread-2] INFO org.apache.cassandra.db.lifecycle.LogTransaction -- Unfinished transaction log, deleting /home/cscotta/projects/cassandra/io_uring_bench/staging/shard0/pa_txn_write_b38fb590-79b4-11f1-9be0-19fcd191da39.log 
20:34:06.002 [Thread-5] INFO org.apache.cassandra.db.lifecycle.LogTransaction -- Unfinished transaction log, deleting /home/cscotta/projects/cassandra/io_uring_bench/staging/shard7/pa_txn_write_b38a1040-79b4-11f1-9be0-19fcd191da39.log 
20:34:06.269 [Thread-4] INFO org.apache.cassandra.db.lifecycle.LogTransaction -- Unfinished transaction log, deleting /home/cscotta/projects/cassandra/io_uring_bench/staging/shard6/pa_txn_write_b3199b30-79b4-11f1-9be0-19fcd191da39.log 
20:34:06.323 [Thread-7] INFO org.apache.cassandra.db.lifecycle.LogTransaction -- Unfinished transaction log, deleting /home/cscotta/projects/cassandra/io_uring_bench/staging/shard8/pa_txn_write_b3b56600-79b4-11f1-9be0-19fcd191da39.log 
20:34:06.642 [Thread-3] INFO org.apache.cassandra.db.lifecycle.LogTransaction -- Unfinished transaction log, deleting /home/cscotta/projects/cassandra/io_uring_bench/staging/shard5/pa_txn_write_b3713110-79b4-11f1-9be0-19fcd191da39.log 
20:34:06.768 [Thread-6] INFO org.apache.cassandra.db.lifecycle.LogTransaction -- Unfinished transaction log, deleting /home/cscotta/projects/cassandra/io_uring_bench/staging/shard1/pa_txn_write_b4122c00-79b4-11f1-9be0-19fcd191da39.log 
20:34:07.059 [Thread-10] INFO org.apache.cassandra.db.lifecycle.LogTransaction -- Unfinished transaction log, deleting /home/cscotta/projects/cassandra/io_uring_bench/staging/shard9/pa_txn_write_b413d9b0-79b4-11f1-9be0-19fcd191da39.log 
20:34:07.424 [Thread-8] INFO org.apache.cassandra.db.lifecycle.LogTransaction -- Unfinished transaction log, deleting /home/cscotta/projects/cassandra/io_uring_bench/staging/shard4/pa_txn_write_b426c570-79b4-11f1-9be0-19fcd191da39.log 
20:34:07.569 [Thread-9] INFO org.apache.cassandra.db.lifecycle.LogTransaction -- Unfinished transaction log, deleting /home/cscotta/projects/cassandra/io_uring_bench/staging/shard2/pa_txn_write_b4227fb0-79b4-11f1-9be0-19fcd191da39.log 
20:34:07.598 [Thread-11] INFO org.apache.cassandra.db.lifecycle.LogTransaction -- Unfinished transaction log, deleting /home/cscotta/projects/cassandra/io_uring_bench/staging/shard3/pa_txn_write_b41c6530-79b4-11f1-9be0-19fcd191da39.log 
20:34:07.814 [Thread-2] INFO org.apache.cassandra.db.lifecycle.LogTransaction -- Unfinished transaction log, deleting /home/cscotta/projects/cassandra/io_uring_bench/staging/shard0/pa_txn_write_b4c7e770-79b4-11f1-9be0-19fcd191da39.log 
20:34:08.289 [Thread-5] INFO org.apache.cassandra.db.lifecycle.LogTransaction -- Unfinished transaction log, deleting /home/cscotta/projects/cassandra/io_uring_bench/staging/shard7/pa_txn_write_b4d44380-79b4-11f1-9be0-19fcd191da39.log 
  20,000,000 / 64,000,000  (736474 rows/s)
20:34:08.435 [Thread-4] INFO org.apache.cassandra.db.lifecycle.LogTransaction -- Unfinished transaction log, deleting /home/cscotta/projects/cassandra/io_uring_bench/staging/shard6/pa_txn_write_b4fd9d70-79b4-11f1-9be0-19fcd191da39.log 
20:34:08.716 [Thread-7] INFO org.apache.cassandra.db.lifecycle.LogTransaction -- Unfinished transaction log, deleting /home/cscotta/projects/cassandra/io_uring_bench/staging/shard8/pa_txn_write_b50601e0-79b4-11f1-9be0-19fcd191da39.log 
20:34:08.767 [Thread-3] INFO org.apache.cassandra.db.lifecycle.LogTransaction -- Unfinished transaction log, deleting /home/cscotta/projects/cassandra/io_uring_bench/staging/shard5/pa_txn_write_b5372400-79b4-11f1-9be0-19fcd191da39.log 
20:34:08.850 [Thread-6] INFO org.apache.cassandra.db.lifecycle.LogTransaction -- Unfinished transaction log, deleting /home/cscotta/projects/cassandra/io_uring_bench/staging/shard1/pa_txn_write_b549e8b0-79b4-11f1-9be0-19fcd191da39.log 
20:34:09.196 [Thread-10] INFO org.apache.cassandra.db.lifecycle.LogTransaction -- Unfinished transaction log, deleting /home/cscotta/projects/cassandra/io_uring_bench/staging/shard9/pa_txn_write_b575dab0-79b4-11f1-9be0-19fcd191da39.log 
20:34:09.838 [Thread-8] INFO org.apache.cassandra.db.lifecycle.LogTransaction -- Unfinished transaction log, deleting /home/cscotta/projects/cassandra/io_uring_bench/staging/shard4/pa_txn_write_b5ae4fd0-79b4-11f1-9be0-19fcd191da39.log 
20:34:10.121 [Thread-11] INFO org.apache.cassandra.db.lifecycle.LogTransaction -- Unfinished transaction log, deleting /home/cscotta/projects/cassandra/io_uring_bench/staging/shard3/pa_txn_write_b5ca1530-79b4-11f1-9be0-19fcd191da39.log 
20:34:10.327 [Thread-9] INFO org.apache.cassandra.db.lifecycle.LogTransaction -- Unfinished transaction log, deleting /home/cscotta/projects/cassandra/io_uring_bench/staging/shard2/pa_txn_write_b5c4e510-79b4-11f1-9be0-19fcd191da39.log 
20:34:10.793 [Thread-2] INFO org.apache.cassandra.db.lifecycle.LogTransaction -- Unfinished transaction log, deleting /home/cscotta/projects/cassandra/io_uring_bench/staging/shard0/pa_txn_write_b5e935f0-79b4-11f1-9be0-19fcd191da39.log 
20:34:10.950 [Thread-5] INFO org.apache.cassandra.db.lifecycle.LogTransaction -- Unfinished transaction log, deleting /home/cscotta/projects/cassandra/io_uring_bench/staging/shard7/pa_txn_write_b6318990-79b4-11f1-9be0-19fcd191da39.log 
20:34:10.956 [Thread-10] INFO org.apache.cassandra.db.lifecycle.LogTransaction -- Unfinished transaction log, deleting /home/cscotta/projects/cassandra/io_uring_bench/staging/shard9/pa_txn_write_b6bbc830-79b4-11f1-9be0-19fcd191da39.log 
20:34:11.027 [Thread-4] INFO org.apache.cassandra.db.lifecycle.LogTransaction -- Unfinished transaction log, deleting /home/cscotta/projects/cassandra/io_uring_bench/staging/shard6/pa_txn_write_b6490930-79b4-11f1-9be0-19fcd191da39.log 
20:34:11.188 [Thread-7] INFO org.apache.cassandra.db.lifecycle.LogTransaction -- Unfinished transaction log, deleting /home/cscotta/projects/cassandra/io_uring_bench/staging/shard8/pa_txn_write_b6732670-79b4-11f1-9be0-19fcd191da39.log 
20:34:11.474 [Thread-6] INFO org.apache.cassandra.db.lifecycle.LogTransaction -- Unfinished transaction log, deleting /home/cscotta/projects/cassandra/io_uring_bench/staging/shard1/pa_txn_write_b6891f70-79b4-11f1-9be0-19fcd191da39.log 
20:34:11.876 [Thread-3] INFO org.apache.cassandra.db.lifecycle.LogTransaction -- Unfinished transaction log, deleting /home/cscotta/projects/cassandra/io_uring_bench/staging/shard5/pa_txn_write_b67ac790-79b4-11f1-9be0-19fcd191da39.log 
20:34:12.061 [Thread-8] INFO org.apache.cassandra.db.lifecycle.LogTransaction -- Unfinished transaction log, deleting /home/cscotta/projects/cassandra/io_uring_bench/staging/shard4/pa_txn_write_b71f44f0-79b4-11f1-9be0-19fcd191da39.log 
20:34:12.094 [Thread-11] INFO org.apache.cassandra.db.lifecycle.LogTransaction -- Unfinished transaction log, deleting /home/cscotta/projects/cassandra/io_uring_bench/staging/shard3/pa_txn_write_b7489ee0-79b4-11f1-9be0-19fcd191da39.log 
20:34:12.152 [Thread-9] INFO org.apache.cassandra.db.lifecycle.LogTransaction -- Unfinished transaction log, deleting /home/cscotta/projects/cassandra/io_uring_bench/staging/shard2/pa_txn_write_b7691f30-79b4-11f1-9be0-19fcd191da39.log 
20:34:12.903 [Thread-10] INFO org.apache.cassandra.db.lifecycle.LogTransaction -- Unfinished transaction log, deleting /home/cscotta/projects/cassandra/io_uring_bench/staging/shard9/pa_txn_write_b7ccc300-79b4-11f1-9be0-19fcd191da39.log 
20:34:12.992 [Thread-2] INFO org.apache.cassandra.db.lifecycle.LogTransaction -- Unfinished transaction log, deleting /home/cscotta/projects/cassandra/io_uring_bench/staging/shard0/pa_txn_write_b7b14bc0-79b4-11f1-9be0-19fcd191da39.log 
20:34:13.154 [Thread-4] INFO org.apache.cassandra.db.lifecycle.LogTransaction -- Unfinished transaction log, deleting /home/cscotta/projects/cassandra/io_uring_bench/staging/shard6/pa_txn_write_b7d30490-79b4-11f1-9be0-19fcd191da39.log 
20:34:13.458 [Thread-7] INFO org.apache.cassandra.db.lifecycle.LogTransaction -- Unfinished transaction log, deleting /home/cscotta/projects/cassandra/io_uring_bench/staging/shard8/pa_txn_write_b7ef8d40-79b4-11f1-9be0-19fcd191da39.log 
20:34:13.458 [Thread-5] INFO org.apache.cassandra.db.lifecycle.LogTransaction -- Unfinished transaction log, deleting /home/cscotta/projects/cassandra/io_uring_bench/staging/shard7/pa_txn_write_b7c7b9f0-79b4-11f1-9be0-19fcd191da39.log 
20:34:13.463 [Thread-3] INFO org.apache.cassandra.db.lifecycle.LogTransaction -- Unfinished transaction log, deleting /home/cscotta/projects/cassandra/io_uring_bench/staging/shard5/pa_txn_write_b855c920-79b4-11f1-9be0-19fcd191da39.log 
20:34:13.593 [Thread-6] INFO org.apache.cassandra.db.lifecycle.LogTransaction -- Unfinished transaction log, deleting /home/cscotta/projects/cassandra/io_uring_bench/staging/shard1/pa_txn_write_b818c020-79b4-11f1-9be0-19fcd191da39.log 
20:34:13.873 [Thread-8] INFO org.apache.cassandra.db.lifecycle.LogTransaction -- Unfinished transaction log, deleting /home/cscotta/projects/cassandra/io_uring_bench/staging/shard4/pa_txn_write_b8731520-79b4-11f1-9be0-19fcd191da39.log 
20:34:14.127 [Thread-9] INFO org.apache.cassandra.db.lifecycle.LogTransaction -- Unfinished transaction log, deleting /home/cscotta/projects/cassandra/io_uring_bench/staging/shard2/pa_txn_write_b87ed4f0-79b4-11f1-9be0-19fcd191da39.log 
20:34:14.247 [Thread-11] INFO org.apache.cassandra.db.lifecycle.LogTransaction -- Unfinished transaction log, deleting /home/cscotta/projects/cassandra/io_uring_bench/staging/shard3/pa_txn_write_b8769790-79b4-11f1-9be0-19fcd191da39.log 
20:34:15.027 [Thread-10] INFO org.apache.cassandra.db.lifecycle.LogTransaction -- Unfinished transaction log, deleting /home/cscotta/projects/cassandra/io_uring_bench/staging/shard9/pa_txn_write_b8f871c0-79b4-11f1-9be0-19fcd191da39.log 
20:34:15.375 [Thread-4] INFO org.apache.cassandra.db.lifecycle.LogTransaction -- Unfinished transaction log, deleting /home/cscotta/projects/cassandra/io_uring_bench/staging/shard6/pa_txn_write_b9196740-79b4-11f1-9be0-19fcd191da39.log 
20:34:15.540 [Thread-6] INFO org.apache.cassandra.db.lifecycle.LogTransaction -- Unfinished transaction log, deleting /home/cscotta/projects/cassandra/io_uring_bench/staging/shard1/pa_txn_write_b95f22d0-79b4-11f1-9be0-19fcd191da39.log 
  25,000,000 / 64,000,000  (723264 rows/s)
20:34:15.731 [Thread-7] INFO org.apache.cassandra.db.lifecycle.LogTransaction -- Unfinished transaction log, deleting /home/cscotta/projects/cassandra/io_uring_bench/staging/shard8/pa_txn_write_b9516730-79b4-11f1-9be0-19fcd191da39.log 
20:34:15.833 [Thread-2] INFO org.apache.cassandra.db.lifecycle.LogTransaction -- Unfinished transaction log, deleting /home/cscotta/projects/cassandra/io_uring_bench/staging/shard0/pa_txn_write_b8ff76a0-79b4-11f1-9be0-19fcd191da39.log 
20:34:16.052 [Thread-8] INFO org.apache.cassandra.db.lifecycle.LogTransaction -- Unfinished transaction log, deleting /home/cscotta/projects/cassandra/io_uring_bench/staging/shard4/pa_txn_write_b987e080-79b4-11f1-9be0-19fcd191da39.log 
20:34:16.216 [Thread-9] INFO org.apache.cassandra.db.lifecycle.LogTransaction -- Unfinished transaction log, deleting /home/cscotta/projects/cassandra/io_uring_bench/staging/shard2/pa_txn_write_b9adb800-79b4-11f1-9be0-19fcd191da39.log 
20:34:16.342 [Thread-5] INFO org.apache.cassandra.db.lifecycle.LogTransaction -- Unfinished transaction log, deleting /home/cscotta/projects/cassandra/io_uring_bench/staging/shard7/pa_txn_write_b9477c20-79b4-11f1-9be0-19fcd191da39.log 
20:34:16.425 [Thread-3] INFO org.apache.cassandra.db.lifecycle.LogTransaction -- Unfinished transaction log, deleting /home/cscotta/projects/cassandra/io_uring_bench/staging/shard5/pa_txn_write_b94b73c0-79b4-11f1-9be0-19fcd191da39.log 
20:34:16.823 [Thread-11] INFO org.apache.cassandra.db.lifecycle.LogTransaction -- Unfinished transaction log, deleting /home/cscotta/projects/cassandra/io_uring_bench/staging/shard3/pa_txn_write_b9bf6b40-79b4-11f1-9be0-19fcd191da39.log 
20:34:17.262 [Thread-6] INFO org.apache.cassandra.db.lifecycle.LogTransaction -- Unfinished transaction log, deleting /home/cscotta/projects/cassandra/io_uring_bench/staging/shard1/pa_txn_write_ba849000-79b4-11f1-9be0-19fcd191da39.log 
20:34:17.262 [Thread-4] INFO org.apache.cassandra.db.lifecycle.LogTransaction -- Unfinished transaction log, deleting /home/cscotta/projects/cassandra/io_uring_bench/staging/shard6/pa_txn_write_ba6d3770-79b4-11f1-9be0-19fcd191da39.log 
20:34:17.589 [Thread-10] INFO org.apache.cassandra.db.lifecycle.LogTransaction -- Unfinished transaction log, deleting /home/cscotta/projects/cassandra/io_uring_bench/staging/shard9/pa_txn_write_ba35fad0-79b4-11f1-9be0-19fcd191da39.log 
20:34:17.875 [Thread-5] INFO org.apache.cassandra.db.lifecycle.LogTransaction -- Unfinished transaction log, deleting /home/cscotta/projects/cassandra/io_uring_bench/staging/shard7/pa_txn_write_bafe2cd0-79b4-11f1-9be0-19fcd191da39.log 
20:34:17.972 [Thread-7] INFO org.apache.cassandra.db.lifecycle.LogTransaction -- Unfinished transaction log, deleting /home/cscotta/projects/cassandra/io_uring_bench/staging/shard8/pa_txn_write_baa20310-79b4-11f1-9be0-19fcd191da39.log 
20:34:18.345 [Thread-2] INFO org.apache.cassandra.db.lifecycle.LogTransaction -- Unfinished transaction log, deleting /home/cscotta/projects/cassandra/io_uring_bench/staging/shard0/pa_txn_write_bab208a0-79b4-11f1-9be0-19fcd191da39.log 
20:34:18.465 [Thread-11] INFO org.apache.cassandra.db.lifecycle.LogTransaction -- Unfinished transaction log, deleting /home/cscotta/projects/cassandra/io_uring_bench/staging/shard3/pa_txn_write_bb4791e0-79b4-11f1-9be0-19fcd191da39.log 
20:34:18.533 [Thread-8] INFO org.apache.cassandra.db.lifecycle.LogTransaction -- Unfinished transaction log, deleting /home/cscotta/projects/cassandra/io_uring_bench/staging/shard4/pa_txn_write_bad288f0-79b4-11f1-9be0-19fcd191da39.log 
20:34:18.739 [Thread-9] INFO org.apache.cassandra.db.lifecycle.LogTransaction -- Unfinished transaction log, deleting /home/cscotta/projects/cassandra/io_uring_bench/staging/shard2/pa_txn_write_baec0460-79b4-11f1-9be0-19fcd191da39.log 
20:34:18.903 [Thread-3] INFO org.apache.cassandra.db.lifecycle.LogTransaction -- Unfinished transaction log, deleting /home/cscotta/projects/cassandra/io_uring_bench/staging/shard5/pa_txn_write_bb0c84b0-79b4-11f1-9be0-19fcd191da39.log 
20:34:19.582 [Thread-10] INFO org.apache.cassandra.db.lifecycle.LogTransaction -- Unfinished transaction log, deleting /home/cscotta/projects/cassandra/io_uring_bench/staging/shard9/pa_txn_write_bbbe2170-79b4-11f1-9be0-19fcd191da39.log 
20:34:19.714 [Thread-5] INFO org.apache.cassandra.db.lifecycle.LogTransaction -- Unfinished transaction log, deleting /home/cscotta/projects/cassandra/io_uring_bench/staging/shard7/pa_txn_write_bbe817a0-79b4-11f1-9be0-19fcd191da39.log 
20:34:19.799 [Thread-4] INFO org.apache.cassandra.db.lifecycle.LogTransaction -- Unfinished transaction log, deleting /home/cscotta/projects/cassandra/io_uring_bench/staging/shard6/pa_txn_write_bb8f9760-79b4-11f1-9be0-19fcd191da39.log 
20:34:19.992 [Thread-2] INFO org.apache.cassandra.db.lifecycle.LogTransaction -- Unfinished transaction log, deleting /home/cscotta/projects/cassandra/io_uring_bench/staging/shard0/pa_txn_write_bc309250-79b4-11f1-9be0-19fcd191da39.log 
20:34:20.312 [Thread-11] INFO org.apache.cassandra.db.lifecycle.LogTransaction -- Unfinished transaction log, deleting /home/cscotta/projects/cassandra/io_uring_bench/staging/shard3/pa_txn_write_bc432ff0-79b4-11f1-9be0-19fcd191da39.log 
20:34:20.427 [Thread-8] INFO org.apache.cassandra.db.lifecycle.LogTransaction -- Unfinished transaction log, deleting /home/cscotta/projects/cassandra/io_uring_bench/staging/shard4/pa_txn_write_bc4dde50-79b4-11f1-9be0-19fcd191da39.log 
20:34:20.529 [Thread-6] INFO org.apache.cassandra.db.lifecycle.LogTransaction -- Unfinished transaction log, deleting /home/cscotta/projects/cassandra/io_uring_bench/staging/shard1/pa_txn_write_bb8bede0-79b4-11f1-9be0-19fcd191da39.log 
20:34:20.602 [Thread-3] INFO org.apache.cassandra.db.lifecycle.LogTransaction -- Unfinished transaction log, deleting /home/cscotta/projects/cassandra/io_uring_bench/staging/shard5/pa_txn_write_bc85b730-79b4-11f1-9be0-19fcd191da39.log 
20:34:20.704 [Thread-9] INFO org.apache.cassandra.db.lifecycle.LogTransaction -- Unfinished transaction log, deleting /home/cscotta/projects/cassandra/io_uring_bench/staging/shard2/pa_txn_write_bc6d9b50-79b4-11f1-9be0-19fcd191da39.log 
20:34:21.046 [Thread-7] INFO org.apache.cassandra.db.lifecycle.LogTransaction -- Unfinished transaction log, deleting /home/cscotta/projects/cassandra/io_uring_bench/staging/shard8/pa_txn_write_bbf70bc0-79b4-11f1-9be0-19fcd191da39.log 
20:34:21.438 [Thread-10] INFO org.apache.cassandra.db.lifecycle.LogTransaction -- Unfinished transaction log, deleting /home/cscotta/projects/cassandra/io_uring_bench/staging/shard9/pa_txn_write_bceeb230-79b4-11f1-9be0-19fcd191da39.log 
20:34:21.917 [Thread-2] INFO org.apache.cassandra.db.lifecycle.LogTransaction -- Unfinished transaction log, deleting /home/cscotta/projects/cassandra/io_uring_bench/staging/shard0/pa_txn_write_bd2b4600-79b4-11f1-9be0-19fcd191da39.log 
20:34:22.211 [Thread-5] INFO org.apache.cassandra.db.lifecycle.LogTransaction -- Unfinished transaction log, deleting /home/cscotta/projects/cassandra/io_uring_bench/staging/shard7/pa_txn_write_bd02af60-79b4-11f1-9be0-19fcd191da39.log 
20:34:22.373 [Thread-9] INFO org.apache.cassandra.db.lifecycle.LogTransaction -- Unfinished transaction log, deleting /home/cscotta/projects/cassandra/io_uring_bench/staging/shard2/pa_txn_write_bd97c370-79b4-11f1-9be0-19fcd191da39.log 
20:34:22.525 [Thread-4] INFO org.apache.cassandra.db.lifecycle.LogTransaction -- Unfinished transaction log, deleting /home/cscotta/projects/cassandra/io_uring_bench/staging/shard6/pa_txn_write_bd0fa7b0-79b4-11f1-9be0-19fcd191da39.log 
  30,000,000 / 64,000,000  (723508 rows/s)
20:34:22.827 [Thread-8] INFO org.apache.cassandra.db.lifecycle.LogTransaction -- Unfinished transaction log, deleting /home/cscotta/projects/cassandra/io_uring_bench/staging/shard4/pa_txn_write_bd6eb7a0-79b4-11f1-9be0-19fcd191da39.log 
20:34:22.870 [Thread-6] INFO org.apache.cassandra.db.lifecycle.LogTransaction -- Unfinished transaction log, deleting /home/cscotta/projects/cassandra/io_uring_bench/staging/shard1/pa_txn_write_bd7dabc0-79b4-11f1-9be0-19fcd191da39.log 
20:34:23.000 [Thread-11] INFO org.apache.cassandra.db.lifecycle.LogTransaction -- Unfinished transaction log, deleting /home/cscotta/projects/cassandra/io_uring_bench/staging/shard3/pa_txn_write_bd5d5280-79b4-11f1-9be0-19fcd191da39.log 
20:34:23.164 [Thread-3] INFO org.apache.cassandra.db.lifecycle.LogTransaction -- Unfinished transaction log, deleting /home/cscotta/projects/cassandra/io_uring_bench/staging/shard5/pa_txn_write_bd89e0c0-79b4-11f1-9be0-19fcd191da39.log 
20:34:23.219 [Thread-10] INFO org.apache.cassandra.db.lifecycle.LogTransaction -- Unfinished transaction log, deleting /home/cscotta/projects/cassandra/io_uring_bench/staging/shard9/pa_txn_write_be08d4c0-79b4-11f1-9be0-19fcd191da39.log 
20:34:23.578 [Thread-7] INFO org.apache.cassandra.db.lifecycle.LogTransaction -- Unfinished transaction log, deleting /home/cscotta/projects/cassandra/io_uring_bench/staging/shard8/pa_txn_write_bdcc8f10-79b4-11f1-9be0-19fcd191da39.log 
20:34:24.174 [Thread-2] INFO org.apache.cassandra.db.lifecycle.LogTransaction -- Unfinished transaction log, deleting /home/cscotta/projects/cassandra/io_uring_bench/staging/shard0/pa_txn_write_be51ebb0-79b4-11f1-9be0-19fcd191da39.log 
20:34:24.290 [Thread-5] INFO org.apache.cassandra.db.lifecycle.LogTransaction -- Unfinished transaction log, deleting /home/cscotta/projects/cassandra/io_uring_bench/staging/shard7/pa_txn_write_be8027a0-79b4-11f1-9be0-19fcd191da39.log 
20:34:24.312 [Thread-4] INFO org.apache.cassandra.db.lifecycle.LogTransaction -- Unfinished transaction log, deleting /home/cscotta/projects/cassandra/io_uring_bench/staging/shard6/pa_txn_write_beb08670-79b4-11f1-9be0-19fcd191da39.log 
20:34:24.491 [Thread-9] INFO org.apache.cassandra.db.lifecycle.LogTransaction -- Unfinished transaction log, deleting /home/cscotta/projects/cassandra/io_uring_bench/staging/shard2/pa_txn_write_be98b8b0-79b4-11f1-9be0-19fcd191da39.log 
20:34:24.690 [Thread-8] INFO org.apache.cassandra.db.lifecycle.LogTransaction -- Unfinished transaction log, deleting /home/cscotta/projects/cassandra/io_uring_bench/staging/shard4/pa_txn_write_bedd14b0-79b4-11f1-9be0-19fcd191da39.log 
20:34:25.031 [Thread-3] INFO org.apache.cassandra.db.lifecycle.LogTransaction -- Unfinished transaction log, deleting /home/cscotta/projects/cassandra/io_uring_bench/staging/shard5/pa_txn_write_bf11e050-79b4-11f1-9be0-19fcd191da39.log 
20:34:25.042 [Thread-11] INFO org.apache.cassandra.db.lifecycle.LogTransaction -- Unfinished transaction log, deleting /home/cscotta/projects/cassandra/io_uring_bench/staging/shard3/pa_txn_write_bef6de40-79b4-11f1-9be0-19fcd191da39.log 
20:34:25.043 [Thread-10] INFO org.apache.cassandra.db.lifecycle.LogTransaction -- Unfinished transaction log, deleting /home/cscotta/projects/cassandra/io_uring_bench/staging/shard9/pa_txn_write_bf198170-79b4-11f1-9be0-19fcd191da39.log 
20:34:25.389 [Thread-6] INFO org.apache.cassandra.db.lifecycle.LogTransaction -- Unfinished transaction log, deleting /home/cscotta/projects/cassandra/io_uring_bench/staging/shard1/pa_txn_write_bee4b5d0-79b4-11f1-9be0-19fcd191da39.log 
20:34:25.613 [Thread-7] INFO org.apache.cassandra.db.lifecycle.LogTransaction -- Unfinished transaction log, deleting /home/cscotta/projects/cassandra/io_uring_bench/staging/shard8/pa_txn_write_bf4f3770-79b4-11f1-9be0-19fcd191da39.log 
20:34:26.053 [Thread-5] INFO org.apache.cassandra.db.lifecycle.LogTransaction -- Unfinished transaction log, deleting /home/cscotta/projects/cassandra/io_uring_bench/staging/shard7/pa_txn_write_bfbec220-79b4-11f1-9be0-19fcd191da39.log 
20:34:26.055 [Thread-2] INFO org.apache.cassandra.db.lifecycle.LogTransaction -- Unfinished transaction log, deleting /home/cscotta/projects/cassandra/io_uring_bench/staging/shard0/pa_txn_write_bfaa28b0-79b4-11f1-9be0-19fcd191da39.log 
20:34:26.221 [Thread-4] INFO org.apache.cassandra.db.lifecycle.LogTransaction -- Unfinished transaction log, deleting /home/cscotta/projects/cassandra/io_uring_bench/staging/shard6/pa_txn_write_bfc1a850-79b4-11f1-9be0-19fcd191da39.log 
20:34:26.740 [Thread-3] INFO org.apache.cassandra.db.lifecycle.LogTransaction -- Unfinished transaction log, deleting /home/cscotta/projects/cassandra/io_uring_bench/staging/shard5/pa_txn_write_c02c5100-79b4-11f1-9be0-19fcd191da39.log 
20:34:26.779 [Thread-8] INFO org.apache.cassandra.db.lifecycle.LogTransaction -- Unfinished transaction log, deleting /home/cscotta/projects/cassandra/io_uring_bench/staging/shard4/pa_txn_write_bff90c00-79b4-11f1-9be0-19fcd191da39.log 
20:34:26.972 [Thread-6] INFO org.apache.cassandra.db.lifecycle.LogTransaction -- Unfinished transaction log, deleting /home/cscotta/projects/cassandra/io_uring_bench/staging/shard1/pa_txn_write_c062ca50-79b4-11f1-9be0-19fcd191da39.log 
20:34:27.034 [Thread-10] INFO org.apache.cassandra.db.lifecycle.LogTransaction -- Unfinished transaction log, deleting /home/cscotta/projects/cassandra/io_uring_bench/staging/shard9/pa_txn_write_c030e4e0-79b4-11f1-9be0-19fcd191da39.log 
20:34:27.086 [Thread-9] INFO org.apache.cassandra.db.lifecycle.LogTransaction -- Unfinished transaction log, deleting /home/cscotta/projects/cassandra/io_uring_bench/staging/shard2/pa_txn_write_bfdf6980-79b4-11f1-9be0-19fcd191da39.log 
20:34:27.199 [Thread-11] INFO org.apache.cassandra.db.lifecycle.LogTransaction -- Unfinished transaction log, deleting /home/cscotta/projects/cassandra/io_uring_bench/staging/shard3/pa_txn_write_c036d850-79b4-11f1-9be0-19fcd191da39.log 
20:34:27.721 [Thread-7] INFO org.apache.cassandra.db.lifecycle.LogTransaction -- Unfinished transaction log, deleting /home/cscotta/projects/cassandra/io_uring_bench/staging/shard8/pa_txn_write_c08630d0-79b4-11f1-9be0-19fcd191da39.log 
20:34:27.997 [Thread-4] INFO org.apache.cassandra.db.lifecycle.LogTransaction -- Unfinished transaction log, deleting /home/cscotta/projects/cassandra/io_uring_bench/staging/shard6/pa_txn_write_c0e25a90-79b4-11f1-9be0-19fcd191da39.log 
20:34:28.519 [Thread-6] INFO org.apache.cassandra.db.lifecycle.LogTransaction -- Unfinished transaction log, deleting /home/cscotta/projects/cassandra/io_uring_bench/staging/shard1/pa_txn_write_c154f280-79b4-11f1-9be0-19fcd191da39.log 
20:34:28.524 [Thread-10] INFO org.apache.cassandra.db.lifecycle.LogTransaction -- Unfinished transaction log, deleting /home/cscotta/projects/cassandra/io_uring_bench/staging/shard9/pa_txn_write_c15f04a0-79b4-11f1-9be0-19fcd191da39.log 
20:34:28.665 [Thread-9] INFO org.apache.cassandra.db.lifecycle.LogTransaction -- Unfinished transaction log, deleting /home/cscotta/projects/cassandra/io_uring_bench/staging/shard2/pa_txn_write_c1685370-79b4-11f1-9be0-19fcd191da39.log 
20:34:28.772 [Thread-3] INFO org.apache.cassandra.db.lifecycle.LogTransaction -- Unfinished transaction log, deleting /home/cscotta/projects/cassandra/io_uring_bench/staging/shard5/pa_txn_write_c132eb90-79b4-11f1-9be0-19fcd191da39.log 
20:34:28.784 [Thread-11] INFO org.apache.cassandra.db.lifecycle.LogTransaction -- Unfinished transaction log, deleting /home/cscotta/projects/cassandra/io_uring_bench/staging/shard3/pa_txn_write_c17a06b0-79b4-11f1-9be0-19fcd191da39.log 
20:34:29.003 [Thread-5] INFO org.apache.cassandra.db.lifecycle.LogTransaction -- Unfinished transaction log, deleting /home/cscotta/projects/cassandra/io_uring_bench/staging/shard7/pa_txn_write_c0d53b30-79b4-11f1-9be0-19fcd191da39.log 
20:34:29.018 [Thread-8] INFO org.apache.cassandra.db.lifecycle.LogTransaction -- Unfinished transaction log, deleting /home/cscotta/projects/cassandra/io_uring_bench/staging/shard4/pa_txn_write_c1381bb0-79b4-11f1-9be0-19fcd191da39.log 
  35,000,000 / 64,000,000  (730649 rows/s)
20:34:29.256 [Thread-2] INFO org.apache.cassandra.db.lifecycle.LogTransaction -- Unfinished transaction log, deleting /home/cscotta/projects/cassandra/io_uring_bench/staging/shard0/pa_txn_write_c0ce0f40-79b4-11f1-9be0-19fcd191da39.log 
20:34:29.785 [Thread-7] INFO org.apache.cassandra.db.lifecycle.LogTransaction -- Unfinished transaction log, deleting /home/cscotta/projects/cassandra/io_uring_bench/staging/shard8/pa_txn_write_c1c73c50-79b4-11f1-9be0-19fcd191da39.log 
20:34:30.040 [Thread-4] INFO org.apache.cassandra.db.lifecycle.LogTransaction -- Unfinished transaction log, deleting /home/cscotta/projects/cassandra/io_uring_bench/staging/shard6/pa_txn_write_c1f21ce0-79b4-11f1-9be0-19fcd191da39.log 
20:34:30.384 [Thread-6] INFO org.apache.cassandra.db.lifecycle.LogTransaction -- Unfinished transaction log, deleting /home/cscotta/projects/cassandra/io_uring_bench/staging/shard1/pa_txn_write_c246f3a0-79b4-11f1-9be0-19fcd191da39.log 
20:34:30.581 [Thread-11] INFO org.apache.cassandra.db.lifecycle.LogTransaction -- Unfinished transaction log, deleting /home/cscotta/projects/cassandra/io_uring_bench/staging/shard3/pa_txn_write_c270c2c0-79b4-11f1-9be0-19fcd191da39.log 
20:34:30.752 [Thread-3] INFO org.apache.cassandra.db.lifecycle.LogTransaction -- Unfinished transaction log, deleting /home/cscotta/projects/cassandra/io_uring_bench/staging/shard5/pa_txn_write_c2683740-79b4-11f1-9be0-19fcd191da39.log 
20:34:30.837 [Thread-5] INFO org.apache.cassandra.db.lifecycle.LogTransaction -- Unfinished transaction log, deleting /home/cscotta/projects/cassandra/io_uring_bench/staging/shard7/pa_txn_write_c28d7280-79b4-11f1-9be0-19fcd191da39.log 
20:34:31.148 [Thread-8] INFO org.apache.cassandra.db.lifecycle.LogTransaction -- Unfinished transaction log, deleting /home/cscotta/projects/cassandra/io_uring_bench/staging/shard4/pa_txn_write_c29588d0-79b4-11f1-9be0-19fcd191da39.log 
20:34:31.149 [Thread-2] INFO org.apache.cassandra.db.lifecycle.LogTransaction -- Unfinished transaction log, deleting /home/cscotta/projects/cassandra/io_uring_bench/staging/shard0/pa_txn_write_c2b1c360-79b4-11f1-9be0-19fcd191da39.log 
20:34:31.242 [Thread-10] INFO org.apache.cassandra.db.lifecycle.LogTransaction -- Unfinished transaction log, deleting /home/cscotta/projects/cassandra/io_uring_bench/staging/shard9/pa_txn_write_c24e6db0-79b4-11f1-9be0-19fcd191da39.log 
20:34:31.499 [Thread-9] INFO org.apache.cassandra.db.lifecycle.LogTransaction -- Unfinished transaction log, deleting /home/cscotta/projects/cassandra/io_uring_bench/staging/shard2/pa_txn_write_c259b850-79b4-11f1-9be0-19fcd191da39.log 
20:34:31.551 [Thread-7] INFO org.apache.cassandra.db.lifecycle.LogTransaction -- Unfinished transaction log, deleting /home/cscotta/projects/cassandra/io_uring_bench/staging/shard8/pa_txn_write_c3022d50-79b4-11f1-9be0-19fcd191da39.log 
20:34:31.877 [Thread-4] INFO org.apache.cassandra.db.lifecycle.LogTransaction -- Unfinished transaction log, deleting /home/cscotta/projects/cassandra/io_uring_bench/staging/shard6/pa_txn_write_c32a00a0-79b4-11f1-9be0-19fcd191da39.log 
20:34:32.394 [Thread-6] INFO org.apache.cassandra.db.lifecycle.LogTransaction -- Unfinished transaction log, deleting /home/cscotta/projects/cassandra/io_uring_bench/staging/shard1/pa_txn_write_c35ea530-79b4-11f1-9be0-19fcd191da39.log 
20:34:32.636 [Thread-11] INFO org.apache.cassandra.db.lifecycle.LogTransaction -- Unfinished transaction log, deleting /home/cscotta/projects/cassandra/io_uring_bench/staging/shard3/pa_txn_write_c37e3b20-79b4-11f1-9be0-19fcd191da39.log 
20:34:32.688 [Thread-3] INFO org.apache.cassandra.db.lifecycle.LogTransaction -- Unfinished transaction log, deleting /home/cscotta/projects/cassandra/io_uring_bench/staging/shard5/pa_txn_write_c3954590-79b4-11f1-9be0-19fcd191da39.log 
20:34:32.783 [Thread-5] INFO org.apache.cassandra.db.lifecycle.LogTransaction -- Unfinished transaction log, deleting /home/cscotta/projects/cassandra/io_uring_bench/staging/shard7/pa_txn_write_c3a34f50-79b4-11f1-9be0-19fcd191da39.log 
20:34:33.006 [Thread-8] INFO org.apache.cassandra.db.lifecycle.LogTransaction -- Unfinished transaction log, deleting /home/cscotta/projects/cassandra/io_uring_bench/staging/shard4/pa_txn_write_c3d7ccd0-79b4-11f1-9be0-19fcd191da39.log 
20:34:33.473 [Thread-10] INFO org.apache.cassandra.db.lifecycle.LogTransaction -- Unfinished transaction log, deleting /home/cscotta/projects/cassandra/io_uring_bench/staging/shard9/pa_txn_write_c3e22d10-79b4-11f1-9be0-19fcd191da39.log 
20:34:33.706 [Thread-2] INFO org.apache.cassandra.db.lifecycle.LogTransaction -- Unfinished transaction log, deleting /home/cscotta/projects/cassandra/io_uring_bench/staging/shard0/pa_txn_write_c3d3fc40-79b4-11f1-9be0-19fcd191da39.log 
20:34:33.712 [Thread-7] INFO org.apache.cassandra.db.lifecycle.LogTransaction -- Unfinished transaction log, deleting /home/cscotta/projects/cassandra/io_uring_bench/staging/shard8/pa_txn_write_c4115360-79b4-11f1-9be0-19fcd191da39.log 
20:34:34.142 [Thread-9] INFO org.apache.cassandra.db.lifecycle.LogTransaction -- Unfinished transaction log, deleting /home/cscotta/projects/cassandra/io_uring_bench/staging/shard2/pa_txn_write_c4093d10-79b4-11f1-9be0-19fcd191da39.log 
20:34:34.155 [Thread-4] INFO org.apache.cassandra.db.lifecycle.LogTransaction -- Unfinished transaction log, deleting /home/cscotta/projects/cassandra/io_uring_bench/staging/shard6/pa_txn_write_c441d940-79b4-11f1-9be0-19fcd191da39.log 
20:34:34.700 [Thread-11] INFO org.apache.cassandra.db.lifecycle.LogTransaction -- Unfinished transaction log, deleting /home/cscotta/projects/cassandra/io_uring_bench/staging/shard3/pa_txn_write_c4b73050-79b4-11f1-9be0-19fcd191da39.log 
20:34:34.719 [Thread-6] INFO org.apache.cassandra.db.lifecycle.LogTransaction -- Unfinished transaction log, deleting /home/cscotta/projects/cassandra/io_uring_bench/staging/shard1/pa_txn_write_c4902050-79b4-11f1-9be0-19fcd191da39.log 
20:34:34.737 [Thread-8] INFO org.apache.cassandra.db.lifecycle.LogTransaction -- Unfinished transaction log, deleting /home/cscotta/projects/cassandra/io_uring_bench/staging/shard4/pa_txn_write_c4eda9a0-79b4-11f1-9be0-19fcd191da39.log 
20:34:34.853 [Thread-3] INFO org.apache.cassandra.db.lifecycle.LogTransaction -- Unfinished transaction log, deleting /home/cscotta/projects/cassandra/io_uring_bench/staging/shard5/pa_txn_write_c4bef880-79b4-11f1-9be0-19fcd191da39.log 
20:34:35.407 [Thread-5] INFO org.apache.cassandra.db.lifecycle.LogTransaction -- Unfinished transaction log, deleting /home/cscotta/projects/cassandra/io_uring_bench/staging/shard7/pa_txn_write_c4cd2950-79b4-11f1-9be0-19fcd191da39.log 
20:34:36.057 [Thread-9] INFO org.apache.cassandra.db.lifecycle.LogTransaction -- Unfinished transaction log, deleting /home/cscotta/projects/cassandra/io_uring_bench/staging/shard2/pa_txn_write_c5aa9100-79b4-11f1-9be0-19fcd191da39.log 
20:34:36.058 [Thread-4] INFO org.apache.cassandra.db.lifecycle.LogTransaction -- Unfinished transaction log, deleting /home/cscotta/projects/cassandra/io_uring_bench/staging/shard6/pa_txn_write_c59e0de0-79b4-11f1-9be0-19fcd191da39.log 
  40,000,000 / 64,000,000  (725250 rows/s)
20:34:36.312 [Thread-2] INFO org.apache.cassandra.db.lifecycle.LogTransaction -- Unfinished transaction log, deleting /home/cscotta/projects/cassandra/io_uring_bench/staging/shard0/pa_txn_write_c5598ad0-79b4-11f1-9be0-19fcd191da39.log 
20:34:36.422 [Thread-7] INFO org.apache.cassandra.db.lifecycle.LogTransaction -- Unfinished transaction log, deleting /home/cscotta/projects/cassandra/io_uring_bench/staging/shard8/pa_txn_write_c55d8270-79b4-11f1-9be0-19fcd191da39.log 
20:34:36.643 [Thread-11] INFO org.apache.cassandra.db.lifecycle.LogTransaction -- Unfinished transaction log, deleting /home/cscotta/projects/cassandra/io_uring_bench/staging/shard3/pa_txn_write_c5f1ac20-79b4-11f1-9be0-19fcd191da39.log 
20:34:36.739 [Thread-10] INFO org.apache.cassandra.db.lifecycle.LogTransaction -- Unfinished transaction log, deleting /home/cscotta/projects/cassandra/io_uring_bench/staging/shard9/pa_txn_write_c53eafd0-79b4-11f1-9be0-19fcd191da39.log 
20:34:36.949 [Thread-6] INFO org.apache.cassandra.db.lifecycle.LogTransaction -- Unfinished transaction log, deleting /home/cscotta/projects/cassandra/io_uring_bench/staging/shard1/pa_txn_write_c5f77880-79b4-11f1-9be0-19fcd191da39.log 
20:34:37.323 [Thread-8] INFO org.apache.cassandra.db.lifecycle.LogTransaction -- Unfinished transaction log, deleting /home/cscotta/projects/cassandra/io_uring_bench/staging/shard4/pa_txn_write_c5fd6bf0-79b4-11f1-9be0-19fcd191da39.log 
20:34:37.478 [Thread-5] INFO org.apache.cassandra.db.lifecycle.LogTransaction -- Unfinished transaction log, deleting /home/cscotta/projects/cassandra/io_uring_bench/staging/shard7/pa_txn_write_c65b9180-79b4-11f1-9be0-19fcd191da39.log 
20:34:38.007 [Thread-3] INFO org.apache.cassandra.db.lifecycle.LogTransaction -- Unfinished transaction log, deleting /home/cscotta/projects/cassandra/io_uring_bench/staging/shard5/pa_txn_write_c607cc30-79b4-11f1-9be0-19fcd191da39.log 
20:34:38.183 [Thread-4] INFO org.apache.cassandra.db.lifecycle.LogTransaction -- Unfinished transaction log, deleting /home/cscotta/projects/cassandra/io_uring_bench/staging/shard6/pa_txn_write_c6d8b0c0-79b4-11f1-9be0-19fcd191da39.log 
20:34:38.266 [Thread-7] INFO org.apache.cassandra.db.lifecycle.LogTransaction -- Unfinished transaction log, deleting /home/cscotta/projects/cassandra/io_uring_bench/staging/shard8/pa_txn_write_c6f73540-79b4-11f1-9be0-19fcd191da39.log 
20:34:38.292 [Thread-2] INFO org.apache.cassandra.db.lifecycle.LogTransaction -- Unfinished transaction log, deleting /home/cscotta/projects/cassandra/io_uring_bench/staging/shard0/pa_txn_write_c6e66c60-79b4-11f1-9be0-19fcd191da39.log 
20:34:38.592 [Thread-9] INFO org.apache.cassandra.db.lifecycle.LogTransaction -- Unfinished transaction log, deleting /home/cscotta/projects/cassandra/io_uring_bench/staging/shard2/pa_txn_write_c6cb1c30-79b4-11f1-9be0-19fcd191da39.log 
20:34:38.634 [Thread-6] INFO org.apache.cassandra.db.lifecycle.LogTransaction -- Unfinished transaction log, deleting /home/cscotta/projects/cassandra/io_uring_bench/staging/shard1/pa_txn_write_c7488990-79b4-11f1-9be0-19fcd191da39.log 
20:34:38.691 [Thread-10] INFO org.apache.cassandra.db.lifecycle.LogTransaction -- Unfinished transaction log, deleting /home/cscotta/projects/cassandra/io_uring_bench/staging/shard9/pa_txn_write_c727bb20-79b4-11f1-9be0-19fcd191da39.log 
20:34:39.183 [Thread-11] INFO org.apache.cassandra.db.lifecycle.LogTransaction -- Unfinished transaction log, deleting /home/cscotta/projects/cassandra/io_uring_bench/staging/shard3/pa_txn_write_c71ae9e0-79b4-11f1-9be0-19fcd191da39.log 
20:34:39.817 [Thread-5] INFO org.apache.cassandra.db.lifecycle.LogTransaction -- Unfinished transaction log, deleting /home/cscotta/projects/cassandra/io_uring_bench/staging/shard7/pa_txn_write_c79c00c0-79b4-11f1-9be0-19fcd191da39.log 
20:34:39.903 [Thread-2] INFO org.apache.cassandra.db.lifecycle.LogTransaction -- Unfinished transaction log, deleting /home/cscotta/projects/cassandra/io_uring_bench/staging/shard0/pa_txn_write_c816af00-79b4-11f1-9be0-19fcd191da39.log 
20:34:39.961 [Thread-8] INFO org.apache.cassandra.db.lifecycle.LogTransaction -- Unfinished transaction log, deleting /home/cscotta/projects/cassandra/io_uring_bench/staging/shard4/pa_txn_write_c78a7490-79b4-11f1-9be0-19fcd191da39.log 
20:34:40.142 [Thread-7] INFO org.apache.cassandra.db.lifecycle.LogTransaction -- Unfinished transaction log, deleting /home/cscotta/projects/cassandra/io_uring_bench/staging/shard8/pa_txn_write_c8109480-79b4-11f1-9be0-19fcd191da39.log 
20:34:40.355 [Thread-6] INFO org.apache.cassandra.db.lifecycle.LogTransaction -- Unfinished transaction log, deleting /home/cscotta/projects/cassandra/io_uring_bench/staging/shard1/pa_txn_write_c849f400-79b4-11f1-9be0-19fcd191da39.log 
20:34:40.572 [Thread-3] INFO org.apache.cassandra.db.lifecycle.LogTransaction -- Unfinished transaction log, deleting /home/cscotta/projects/cassandra/io_uring_bench/staging/shard5/pa_txn_write_c7e9f9b0-79b4-11f1-9be0-19fcd191da39.log 
20:34:40.583 [Thread-4] INFO org.apache.cassandra.db.lifecycle.LogTransaction -- Unfinished transaction log, deleting /home/cscotta/projects/cassandra/io_uring_bench/staging/shard6/pa_txn_write_c804d4b0-79b4-11f1-9be0-19fcd191da39.log 
20:34:40.893 [Thread-9] INFO org.apache.cassandra.db.lifecycle.LogTransaction -- Unfinished transaction log, deleting /home/cscotta/projects/cassandra/io_uring_bench/staging/shard2/pa_txn_write_c843b270-79b4-11f1-9be0-19fcd191da39.log 
20:34:40.896 [Thread-10] INFO org.apache.cassandra.db.lifecycle.LogTransaction -- Unfinished transaction log, deleting /home/cscotta/projects/cassandra/io_uring_bench/staging/shard9/pa_txn_write_c85390f0-79b4-11f1-9be0-19fcd191da39.log 
20:34:40.965 [Thread-11] INFO org.apache.cassandra.db.lifecycle.LogTransaction -- Unfinished transaction log, deleting /home/cscotta/projects/cassandra/io_uring_bench/staging/shard3/pa_txn_write_c89ecac0-79b4-11f1-9be0-19fcd191da39.log 
20:34:42.045 [Thread-2] INFO org.apache.cassandra.db.lifecycle.LogTransaction -- Unfinished transaction log, deleting /home/cscotta/projects/cassandra/io_uring_bench/staging/shard0/pa_txn_write_c90cf5e0-79b4-11f1-9be0-19fcd191da39.log 
20:34:42.096 [Thread-7] INFO org.apache.cassandra.db.lifecycle.LogTransaction -- Unfinished transaction log, deleting /home/cscotta/projects/cassandra/io_uring_bench/staging/shard8/pa_txn_write_c9305c60-79b4-11f1-9be0-19fcd191da39.log 
20:34:42.193 [Thread-5] INFO org.apache.cassandra.db.lifecycle.LogTransaction -- Unfinished transaction log, deleting /home/cscotta/projects/cassandra/io_uring_bench/staging/shard7/pa_txn_write_c8fe4fe0-79b4-11f1-9be0-19fcd191da39.log 
20:34:42.193 [Thread-8] INFO org.apache.cassandra.db.lifecycle.LogTransaction -- Unfinished transaction log, deleting /home/cscotta/projects/cassandra/io_uring_bench/staging/shard4/pa_txn_write_c9138590-79b4-11f1-9be0-19fcd191da39.log 
20:34:42.533 [Thread-3] INFO org.apache.cassandra.db.lifecycle.LogTransaction -- Unfinished transaction log, deleting /home/cscotta/projects/cassandra/io_uring_bench/staging/shard5/pa_txn_write_c9704b90-79b4-11f1-9be0-19fcd191da39.log 
20:34:42.544 [Thread-4] INFO org.apache.cassandra.db.lifecycle.LogTransaction -- Unfinished transaction log, deleting /home/cscotta/projects/cassandra/io_uring_bench/staging/shard6/pa_txn_write_c973a6f0-79b4-11f1-9be0-19fcd191da39.log 
  45,000,000 / 64,000,000  (730550 rows/s)
20:34:42.908 [Thread-11] INFO org.apache.cassandra.db.lifecycle.LogTransaction -- Unfinished transaction log, deleting /home/cscotta/projects/cassandra/io_uring_bench/staging/shard3/pa_txn_write_c9b0fe10-79b4-11f1-9be0-19fcd191da39.log 
20:34:42.942 [Thread-10] INFO org.apache.cassandra.db.lifecycle.LogTransaction -- Unfinished transaction log, deleting /home/cscotta/projects/cassandra/io_uring_bench/staging/shard9/pa_txn_write_c9a23100-79b4-11f1-9be0-19fcd191da39.log 
20:34:43.093 [Thread-6] INFO org.apache.cassandra.db.lifecycle.LogTransaction -- Unfinished transaction log, deleting /home/cscotta/projects/cassandra/io_uring_bench/staging/shard1/pa_txn_write_c9506780-79b4-11f1-9be0-19fcd191da39.log 
20:34:43.287 [Thread-9] INFO org.apache.cassandra.db.lifecycle.LogTransaction -- Unfinished transaction log, deleting /home/cscotta/projects/cassandra/io_uring_bench/staging/shard2/pa_txn_write_c9ad0670-79b4-11f1-9be0-19fcd191da39.log 
20:34:43.993 [Thread-2] INFO org.apache.cassandra.db.lifecycle.LogTransaction -- Unfinished transaction log, deleting /home/cscotta/projects/cassandra/io_uring_bench/staging/shard0/pa_txn_write_ca550640-79b4-11f1-9be0-19fcd191da39.log 
20:34:44.295 [Thread-7] INFO org.apache.cassandra.db.lifecycle.LogTransaction -- Unfinished transaction log, deleting /home/cscotta/projects/cassandra/io_uring_bench/staging/shard8/pa_txn_write_ca5ef150-79b4-11f1-9be0-19fcd191da39.log 
20:34:44.469 [Thread-5] INFO org.apache.cassandra.db.lifecycle.LogTransaction -- Unfinished transaction log, deleting /home/cscotta/projects/cassandra/io_uring_bench/staging/shard7/pa_txn_write_ca6a6300-79b4-11f1-9be0-19fcd191da39.log 
20:34:44.996 [Thread-9] INFO org.apache.cassandra.db.lifecycle.LogTransaction -- Unfinished transaction log, deleting /home/cscotta/projects/cassandra/io_uring_bench/staging/shard2/pa_txn_write_cb0f2e80-79b4-11f1-9be0-19fcd191da39.log 
20:34:44.996 [Thread-4] INFO org.apache.cassandra.db.lifecycle.LogTransaction -- Unfinished transaction log, deleting /home/cscotta/projects/cassandra/io_uring_bench/staging/shard6/pa_txn_write_caa1c6b0-79b4-11f1-9be0-19fcd191da39.log 
20:34:45.086 [Thread-8] INFO org.apache.cassandra.db.lifecycle.LogTransaction -- Unfinished transaction log, deleting /home/cscotta/projects/cassandra/io_uring_bench/staging/shard4/pa_txn_write_ca6fba30-79b4-11f1-9be0-19fcd191da39.log 
20:34:45.179 [Thread-3] INFO org.apache.cassandra.db.lifecycle.LogTransaction -- Unfinished transaction log, deleting /home/cscotta/projects/cassandra/io_uring_bench/staging/shard5/pa_txn_write_ca9d0bc0-79b4-11f1-9be0-19fcd191da39.log 
20:34:45.279 [Thread-11] INFO org.apache.cassandra.db.lifecycle.LogTransaction -- Unfinished transaction log, deleting /home/cscotta/projects/cassandra/io_uring_bench/staging/shard3/pa_txn_write_cad86710-79b4-11f1-9be0-19fcd191da39.log 
20:34:45.370 [Thread-6] INFO org.apache.cassandra.db.lifecycle.LogTransaction -- Unfinished transaction log, deleting /home/cscotta/projects/cassandra/io_uring_bench/staging/shard1/pa_txn_write_caf47a90-79b4-11f1-9be0-19fcd191da39.log 
20:34:45.882 [Thread-2] INFO org.apache.cassandra.db.lifecycle.LogTransaction -- Unfinished transaction log, deleting /home/cscotta/projects/cassandra/io_uring_bench/staging/shard0/pa_txn_write_cb7a2550-79b4-11f1-9be0-19fcd191da39.log 
20:34:45.920 [Thread-10] INFO org.apache.cassandra.db.lifecycle.LogTransaction -- Unfinished transaction log, deleting /home/cscotta/projects/cassandra/io_uring_bench/staging/shard9/pa_txn_write_cae7a950-79b4-11f1-9be0-19fcd191da39.log 
20:34:46.275 [Thread-5] INFO org.apache.cassandra.db.lifecycle.LogTransaction -- Unfinished transaction log, deleting /home/cscotta/projects/cassandra/io_uring_bench/staging/shard7/pa_txn_write_cbc4c2e0-79b4-11f1-9be0-19fcd191da39.log 
20:34:46.326 [Thread-7] INFO org.apache.cassandra.db.lifecycle.LogTransaction -- Unfinished transaction log, deleting /home/cscotta/projects/cassandra/io_uring_bench/staging/shard8/pa_txn_write_cbba1480-79b4-11f1-9be0-19fcd191da39.log 
20:34:46.907 [Thread-11] INFO org.apache.cassandra.db.lifecycle.LogTransaction -- Unfinished transaction log, deleting /home/cscotta/projects/cassandra/io_uring_bench/staging/shard3/pa_txn_write_cc456490-79b4-11f1-9be0-19fcd191da39.log 
20:34:46.967 [Thread-8] INFO org.apache.cassandra.db.lifecycle.LogTransaction -- Unfinished transaction log, deleting /home/cscotta/projects/cassandra/io_uring_bench/staging/shard4/pa_txn_write_cc224c30-79b4-11f1-9be0-19fcd191da39.log 
20:34:46.967 [Thread-6] INFO org.apache.cassandra.db.lifecycle.LogTransaction -- Unfinished transaction log, deleting /home/cscotta/projects/cassandra/io_uring_bench/staging/shard1/pa_txn_write_cc50af30-79b4-11f1-9be0-19fcd191da39.log 
20:34:47.194 [Thread-9] INFO org.apache.cassandra.db.lifecycle.LogTransaction -- Unfinished transaction log, deleting /home/cscotta/projects/cassandra/io_uring_bench/staging/shard2/pa_txn_write_cc1999a0-79b4-11f1-9be0-19fcd191da39.log 
20:34:47.602 [Thread-10] INFO org.apache.cassandra.db.lifecycle.LogTransaction -- Unfinished transaction log, deleting /home/cscotta/projects/cassandra/io_uring_bench/staging/shard9/pa_txn_write_cca3b130-79b4-11f1-9be0-19fcd191da39.log 
20:34:47.720 [Thread-3] INFO org.apache.cassandra.db.lifecycle.LogTransaction -- Unfinished transaction log, deleting /home/cscotta/projects/cassandra/io_uring_bench/staging/shard5/pa_txn_write_cc364960-79b4-11f1-9be0-19fcd191da39.log 
20:34:48.434 [Thread-7] INFO org.apache.cassandra.db.lifecycle.LogTransaction -- Unfinished transaction log, deleting /home/cscotta/projects/cassandra/io_uring_bench/staging/shard8/pa_txn_write_ccde2220-79b4-11f1-9be0-19fcd191da39.log 
20:34:48.434 [Thread-4] INFO org.apache.cassandra.db.lifecycle.LogTransaction -- Unfinished transaction log, deleting /home/cscotta/projects/cassandra/io_uring_bench/staging/shard6/pa_txn_write_cc30a410-79b4-11f1-9be0-19fcd191da39.log 
20:34:48.664 [Thread-11] INFO org.apache.cassandra.db.lifecycle.LogTransaction -- Unfinished transaction log, deleting /home/cscotta/projects/cassandra/io_uring_bench/staging/shard3/pa_txn_write_cd3a72f0-79b4-11f1-9be0-19fcd191da39.log 
20:34:48.673 [Thread-2] INFO org.apache.cassandra.db.lifecycle.LogTransaction -- Unfinished transaction log, deleting /home/cscotta/projects/cassandra/io_uring_bench/staging/shard0/pa_txn_write_cc9c8540-79b4-11f1-9be0-19fcd191da39.log 
20:34:48.699 [Thread-8] INFO org.apache.cassandra.db.lifecycle.LogTransaction -- Unfinished transaction log, deleting /home/cscotta/projects/cassandra/io_uring_bench/staging/shard4/pa_txn_write_cd432580-79b4-11f1-9be0-19fcd191da39.log 
20:34:48.796 [Thread-5] INFO org.apache.cassandra.db.lifecycle.LogTransaction -- Unfinished transaction log, deleting /home/cscotta/projects/cassandra/io_uring_bench/staging/shard7/pa_txn_write_ccd7b980-79b4-11f1-9be0-19fcd191da39.log 
20:34:48.854 [Thread-6] INFO org.apache.cassandra.db.lifecycle.LogTransaction -- Unfinished transaction log, deleting /home/cscotta/projects/cassandra/io_uring_bench/staging/shard1/pa_txn_write_cd4a7880-79b4-11f1-9be0-19fcd191da39.log 
20:34:49.195 [Thread-9] INFO org.apache.cassandra.db.lifecycle.LogTransaction -- Unfinished transaction log, deleting /home/cscotta/projects/cassandra/io_uring_bench/staging/shard2/pa_txn_write_cd641b00-79b4-11f1-9be0-19fcd191da39.log 
20:34:49.876 [Thread-3] INFO org.apache.cassandra.db.lifecycle.LogTransaction -- Unfinished transaction log, deleting /home/cscotta/projects/cassandra/io_uring_bench/staging/shard5/pa_txn_write_cdb4fa20-79b4-11f1-9be0-19fcd191da39.log 
  50,000,000 / 64,000,000  (727277 rows/s)
20:34:49.992 [Thread-10] INFO org.apache.cassandra.db.lifecycle.LogTransaction -- Unfinished transaction log, deleting /home/cscotta/projects/cassandra/io_uring_bench/staging/shard9/pa_txn_write_cda25c80-79b4-11f1-9be0-19fcd191da39.log 
20:34:50.539 [Thread-8] INFO org.apache.cassandra.db.lifecycle.LogTransaction -- Unfinished transaction log, deleting /home/cscotta/projects/cassandra/io_uring_bench/staging/shard4/pa_txn_write_ce49e720-79b4-11f1-9be0-19fcd191da39.log 
20:34:50.628 [Thread-7] INFO org.apache.cassandra.db.lifecycle.LogTransaction -- Unfinished transaction log, deleting /home/cscotta/projects/cassandra/io_uring_bench/staging/shard8/pa_txn_write_ce1fc9e0-79b4-11f1-9be0-19fcd191da39.log 
20:34:50.642 [Thread-6] INFO org.apache.cassandra.db.lifecycle.LogTransaction -- Unfinished transaction log, deleting /home/cscotta/projects/cassandra/io_uring_bench/staging/shard1/pa_txn_write_ce618dd0-79b4-11f1-9be0-19fcd191da39.log 
20:34:50.648 [Thread-2] INFO org.apache.cassandra.db.lifecycle.LogTransaction -- Unfinished transaction log, deleting /home/cscotta/projects/cassandra/io_uring_bench/staging/shard0/pa_txn_write_ce4ec920-79b4-11f1-9be0-19fcd191da39.log 
20:34:50.782 [Thread-11] INFO org.apache.cassandra.db.lifecycle.LogTransaction -- Unfinished transaction log, deleting /home/cscotta/projects/cassandra/io_uring_bench/staging/shard3/pa_txn_write_ce455340-79b4-11f1-9be0-19fcd191da39.log 
20:34:50.928 [Thread-9] INFO org.apache.cassandra.db.lifecycle.LogTransaction -- Unfinished transaction log, deleting /home/cscotta/projects/cassandra/io_uring_bench/staging/shard2/pa_txn_write_ce965970-79b4-11f1-9be0-19fcd191da39.log 
20:34:51.091 [Thread-4] INFO org.apache.cassandra.db.lifecycle.LogTransaction -- Unfinished transaction log, deleting /home/cscotta/projects/cassandra/io_uring_bench/staging/shard6/pa_txn_write_ce25e460-79b4-11f1-9be0-19fcd191da39.log 
20:34:51.139 [Thread-5] INFO org.apache.cassandra.db.lifecycle.LogTransaction -- Unfinished transaction log, deleting /home/cscotta/projects/cassandra/io_uring_bench/staging/shard7/pa_txn_write_ce570680-79b4-11f1-9be0-19fcd191da39.log 
20:34:51.929 [Thread-10] INFO org.apache.cassandra.db.lifecycle.LogTransaction -- Unfinished transaction log, deleting /home/cscotta/projects/cassandra/io_uring_bench/staging/shard9/pa_txn_write_cf0e6fa0-79b4-11f1-9be0-19fcd191da39.log 
20:34:52.047 [Thread-3] INFO org.apache.cassandra.db.lifecycle.LogTransaction -- Unfinished transaction log, deleting /home/cscotta/projects/cassandra/io_uring_bench/staging/shard5/pa_txn_write_cefff0b0-79b4-11f1-9be0-19fcd191da39.log 
20:34:52.488 [Thread-7] INFO org.apache.cassandra.db.lifecycle.LogTransaction -- Unfinished transaction log, deleting /home/cscotta/projects/cassandra/io_uring_bench/staging/shard8/pa_txn_write_cf7bb060-79b4-11f1-9be0-19fcd191da39.log 
20:34:52.579 [Thread-8] INFO org.apache.cassandra.db.lifecycle.LogTransaction -- Unfinished transaction log, deleting /home/cscotta/projects/cassandra/io_uring_bench/staging/shard4/pa_txn_write_cf64a5f0-79b4-11f1-9be0-19fcd191da39.log 
20:34:52.724 [Thread-9] INFO org.apache.cassandra.db.lifecycle.LogTransaction -- Unfinished transaction log, deleting /home/cscotta/projects/cassandra/io_uring_bench/staging/shard2/pa_txn_write_cf9f6500-79b4-11f1-9be0-19fcd191da39.log 
20:34:52.785 [Thread-4] INFO org.apache.cassandra.db.lifecycle.LogTransaction -- Unfinished transaction log, deleting /home/cscotta/projects/cassandra/io_uring_bench/staging/shard6/pa_txn_write_cfb732c0-79b4-11f1-9be0-19fcd191da39.log 
20:34:52.851 [Thread-2] INFO org.apache.cassandra.db.lifecycle.LogTransaction -- Unfinished transaction log, deleting /home/cscotta/projects/cassandra/io_uring_bench/staging/shard0/pa_txn_write_cf966450-79b4-11f1-9be0-19fcd191da39.log 
20:34:53.044 [Thread-11] INFO org.apache.cassandra.db.lifecycle.LogTransaction -- Unfinished transaction log, deleting /home/cscotta/projects/cassandra/io_uring_bench/staging/shard3/pa_txn_write_cf87e560-79b4-11f1-9be0-19fcd191da39.log 
20:34:53.297 [Thread-5] INFO org.apache.cassandra.db.lifecycle.LogTransaction -- Unfinished transaction log, deleting /home/cscotta/projects/cassandra/io_uring_bench/staging/shard7/pa_txn_write_cfbfbe40-79b4-11f1-9be0-19fcd191da39.log 
20:34:53.639 [Thread-6] INFO org.apache.cassandra.db.lifecycle.LogTransaction -- Unfinished transaction log, deleting /home/cscotta/projects/cassandra/io_uring_bench/staging/shard1/pa_txn_write_cf726190-79b4-11f1-9be0-19fcd191da39.log 
20:34:53.955 [Thread-7] INFO org.apache.cassandra.db.lifecycle.LogTransaction -- Unfinished transaction log, deleting /home/cscotta/projects/cassandra/io_uring_bench/staging/shard8/pa_txn_write_d08aaf60-79b4-11f1-9be0-19fcd191da39.log 
20:34:54.156 [Thread-3] INFO org.apache.cassandra.db.lifecycle.LogTransaction -- Unfinished transaction log, deleting /home/cscotta/projects/cassandra/io_uring_bench/staging/shard5/pa_txn_write_d047b2f0-79b4-11f1-9be0-19fcd191da39.log 
20:34:54.426 [Thread-10] INFO org.apache.cassandra.db.lifecycle.LogTransaction -- Unfinished transaction log, deleting /home/cscotta/projects/cassandra/io_uring_bench/staging/shard9/pa_txn_write_d03b08c0-79b4-11f1-9be0-19fcd191da39.log 
20:34:54.637 [Thread-8] INFO org.apache.cassandra.db.lifecycle.LogTransaction -- Unfinished transaction log, deleting /home/cscotta/projects/cassandra/io_uring_bench/staging/shard4/pa_txn_write_d09c89b0-79b4-11f1-9be0-19fcd191da39.log 
20:34:54.730 [Thread-2] INFO org.apache.cassandra.db.lifecycle.LogTransaction -- Unfinished transaction log, deleting /home/cscotta/projects/cassandra/io_uring_bench/staging/shard0/pa_txn_write_d0ce6f20-79b4-11f1-9be0-19fcd191da39.log 
20:34:54.974 [Thread-4] INFO org.apache.cassandra.db.lifecycle.LogTransaction -- Unfinished transaction log, deleting /home/cscotta/projects/cassandra/io_uring_bench/staging/shard6/pa_txn_write_d0bb5c50-79b4-11f1-9be0-19fcd191da39.log 
20:34:55.067 [Thread-9] INFO org.apache.cassandra.db.lifecycle.LogTransaction -- Unfinished transaction log, deleting /home/cscotta/projects/cassandra/io_uring_bench/staging/shard2/pa_txn_write_d0b038c0-79b4-11f1-9be0-19fcd191da39.log 
20:34:55.391 [Thread-5] INFO org.apache.cassandra.db.lifecycle.LogTransaction -- Unfinished transaction log, deleting /home/cscotta/projects/cassandra/io_uring_bench/staging/shard7/pa_txn_write_d105f9e0-79b4-11f1-9be0-19fcd191da39.log 
20:34:55.659 [Thread-11] INFO org.apache.cassandra.db.lifecycle.LogTransaction -- Unfinished transaction log, deleting /home/cscotta/projects/cassandra/io_uring_bench/staging/shard3/pa_txn_write_d0e133d0-79b4-11f1-9be0-19fcd191da39.log 
20:34:55.716 [Thread-6] INFO org.apache.cassandra.db.lifecycle.LogTransaction -- Unfinished transaction log, deleting /home/cscotta/projects/cassandra/io_uring_bench/staging/shard1/pa_txn_write_d13cc150-79b4-11f1-9be0-19fcd191da39.log 
20:34:56.067 [Thread-10] INFO org.apache.cassandra.db.lifecycle.LogTransaction -- Unfinished transaction log, deleting /home/cscotta/projects/cassandra/io_uring_bench/staging/shard9/pa_txn_write_d1b2dbb0-79b4-11f1-9be0-19fcd191da39.log 
20:34:56.161 [Thread-3] INFO org.apache.cassandra.db.lifecycle.LogTransaction -- Unfinished transaction log, deleting /home/cscotta/projects/cassandra/io_uring_bench/staging/shard5/pa_txn_write_d18ae150-79b4-11f1-9be0-19fcd191da39.log 
  55,000,000 / 64,000,000  (730361 rows/s)
20:34:56.525 [Thread-7] INFO org.apache.cassandra.db.lifecycle.LogTransaction -- Unfinished transaction log, deleting /home/cscotta/projects/cassandra/io_uring_bench/staging/shard8/pa_txn_write_d16b4b60-79b4-11f1-9be0-19fcd191da39.log 
20:34:56.609 [Thread-4] INFO org.apache.cassandra.db.lifecycle.LogTransaction -- Unfinished transaction log, deleting /home/cscotta/projects/cassandra/io_uring_bench/staging/shard6/pa_txn_write_d20a2370-79b4-11f1-9be0-19fcd191da39.log 
20:34:56.626 [Thread-8] INFO org.apache.cassandra.db.lifecycle.LogTransaction -- Unfinished transaction log, deleting /home/cscotta/projects/cassandra/io_uring_bench/staging/shard4/pa_txn_write_d1d46d70-79b4-11f1-9be0-19fcd191da39.log 
20:34:57.458 [Thread-2] INFO org.apache.cassandra.db.lifecycle.LogTransaction -- Unfinished transaction log, deleting /home/cscotta/projects/cassandra/io_uring_bench/staging/shard0/pa_txn_write_d1ec6240-79b4-11f1-9be0-19fcd191da39.log 
20:34:57.665 [Thread-3] INFO org.apache.cassandra.db.lifecycle.LogTransaction -- Unfinished transaction log, deleting /home/cscotta/projects/cassandra/io_uring_bench/staging/shard5/pa_txn_write_d2bcd1a0-79b4-11f1-9be0-19fcd191da39.log 
20:34:57.728 [Thread-6] INFO org.apache.cassandra.db.lifecycle.LogTransaction -- Unfinished transaction log, deleting /home/cscotta/projects/cassandra/io_uring_bench/staging/shard1/pa_txn_write_d279d530-79b4-11f1-9be0-19fcd191da39.log 
20:34:57.828 [Thread-10] INFO org.apache.cassandra.db.lifecycle.LogTransaction -- Unfinished transaction log, deleting /home/cscotta/projects/cassandra/io_uring_bench/staging/shard9/pa_txn_write_d2afd950-79b4-11f1-9be0-19fcd191da39.log 
20:34:57.866 [Thread-5] INFO org.apache.cassandra.db.lifecycle.LogTransaction -- Unfinished transaction log, deleting /home/cscotta/projects/cassandra/io_uring_bench/staging/shard7/pa_txn_write_d247c8b0-79b4-11f1-9be0-19fcd191da39.log 
20:34:58.057 [Thread-9] INFO org.apache.cassandra.db.lifecycle.LogTransaction -- Unfinished transaction log, deleting /home/cscotta/projects/cassandra/io_uring_bench/staging/shard2/pa_txn_write_d219b3d0-79b4-11f1-9be0-19fcd191da39.log 
20:34:58.131 [Thread-11] INFO org.apache.cassandra.db.lifecycle.LogTransaction -- Unfinished transaction log, deleting /home/cscotta/projects/cassandra/io_uring_bench/staging/shard3/pa_txn_write_d26f74f0-79b4-11f1-9be0-19fcd191da39.log 
20:34:58.344 [Thread-7] INFO org.apache.cassandra.db.lifecycle.LogTransaction -- Unfinished transaction log, deleting /home/cscotta/projects/cassandra/io_uring_bench/staging/shard8/pa_txn_write_d2f594e0-79b4-11f1-9be0-19fcd191da39.log 
20:34:58.491 [Thread-8] INFO org.apache.cassandra.db.lifecycle.LogTransaction -- Unfinished transaction log, deleting /home/cscotta/projects/cassandra/io_uring_bench/staging/shard4/pa_txn_write_d302b440-79b4-11f1-9be0-19fcd191da39.log 
20:34:58.771 [Thread-4] INFO org.apache.cassandra.db.lifecycle.LogTransaction -- Unfinished transaction log, deleting /home/cscotta/projects/cassandra/io_uring_bench/staging/shard6/pa_txn_write_d30943f0-79b4-11f1-9be0-19fcd191da39.log 
20:34:59.416 [Thread-10] INFO org.apache.cassandra.db.lifecycle.LogTransaction -- Unfinished transaction log, deleting /home/cscotta/projects/cassandra/io_uring_bench/staging/shard9/pa_txn_write_d3bbf220-79b4-11f1-9be0-19fcd191da39.log 
20:34:59.517 [Thread-3] INFO org.apache.cassandra.db.lifecycle.LogTransaction -- Unfinished transaction log, deleting /home/cscotta/projects/cassandra/io_uring_bench/staging/shard5/pa_txn_write_d3a0c900-79b4-11f1-9be0-19fcd191da39.log 
20:34:59.745 [Thread-9] INFO org.apache.cassandra.db.lifecycle.LogTransaction -- Unfinished transaction log, deleting /home/cscotta/projects/cassandra/io_uring_bench/staging/shard2/pa_txn_write_d3ddd200-79b4-11f1-9be0-19fcd191da39.log 
20:34:59.759 [Thread-11] INFO org.apache.cassandra.db.lifecycle.LogTransaction -- Unfinished transaction log, deleting /home/cscotta/projects/cassandra/io_uring_bench/staging/shard3/pa_txn_write_d3ea5520-79b4-11f1-9be0-19fcd191da39.log 
20:34:59.821 [Thread-7] INFO org.apache.cassandra.db.lifecycle.LogTransaction -- Unfinished transaction log, deleting /home/cscotta/projects/cassandra/io_uring_bench/staging/shard8/pa_txn_write_d40900b0-79b4-11f1-9be0-19fcd191da39.log 
20:34:59.837 [Thread-5] INFO org.apache.cassandra.db.lifecycle.LogTransaction -- Unfinished transaction log, deleting /home/cscotta/projects/cassandra/io_uring_bench/staging/shard7/pa_txn_write_d3c540f0-79b4-11f1-9be0-19fcd191da39.log 
20:35:00.307 [Thread-2] INFO org.apache.cassandra.db.lifecycle.LogTransaction -- Unfinished transaction log, deleting /home/cscotta/projects/cassandra/io_uring_bench/staging/shard0/pa_txn_write_d383f230-79b4-11f1-9be0-19fcd191da39.log 
20:35:00.383 [Thread-4] INFO org.apache.cassandra.db.lifecycle.LogTransaction -- Unfinished transaction log, deleting /home/cscotta/projects/cassandra/io_uring_bench/staging/shard6/pa_txn_write_d44bd610-79b4-11f1-9be0-19fcd191da39.log 
20:35:00.565 [Thread-8] INFO org.apache.cassandra.db.lifecycle.LogTransaction -- Unfinished transaction log, deleting /home/cscotta/projects/cassandra/io_uring_bench/staging/shard4/pa_txn_write_d420ce70-79b4-11f1-9be0-19fcd191da39.log 
20:35:01.136 [Thread-10] INFO org.apache.cassandra.db.lifecycle.LogTransaction -- Unfinished transaction log, deleting /home/cscotta/projects/cassandra/io_uring_bench/staging/shard9/pa_txn_write_d4ada520-79b4-11f1-9be0-19fcd191da39.log 
20:35:01.142 [Thread-6] INFO org.apache.cassandra.db.lifecycle.LogTransaction -- Unfinished transaction log, deleting /home/cscotta/projects/cassandra/io_uring_bench/staging/shard1/pa_txn_write_d3aeabb0-79b4-11f1-9be0-19fcd191da39.log 
20:35:01.755 [Thread-11] INFO org.apache.cassandra.db.lifecycle.LogTransaction -- Unfinished transaction log, deleting /home/cscotta/projects/cassandra/io_uring_bench/staging/shard3/pa_txn_write_d4e0c310-79b4-11f1-9be0-19fcd191da39.log 
20:35:01.800 [Thread-5] INFO org.apache.cassandra.db.lifecycle.LogTransaction -- Unfinished transaction log, deleting /home/cscotta/projects/cassandra/io_uring_bench/staging/shard7/pa_txn_write_d4f22830-79b4-11f1-9be0-19fcd191da39.log 
20:35:01.920 [Thread-2] INFO org.apache.cassandra.db.lifecycle.LogTransaction -- Unfinished transaction log, deleting /home/cscotta/projects/cassandra/io_uring_bench/staging/shard0/pa_txn_write_d536d250-79b4-11f1-9be0-19fcd191da39.log 
20:35:02.342 [Thread-8] INFO org.apache.cassandra.db.lifecycle.LogTransaction -- Unfinished transaction log, deleting /home/cscotta/projects/cassandra/io_uring_bench/staging/shard4/pa_txn_write_d55eccb0-79b4-11f1-9be0-19fcd191da39.log 
20:35:02.647 [Thread-3] INFO org.apache.cassandra.db.lifecycle.LogTransaction -- Unfinished transaction log, deleting /home/cscotta/projects/cassandra/io_uring_bench/staging/shard5/pa_txn_write_d4bf3150-79b4-11f1-9be0-19fcd191da39.log 
20:35:02.667 [Thread-4] INFO org.apache.cassandra.db.lifecycle.LogTransaction -- Unfinished transaction log, deleting /home/cscotta/projects/cassandra/io_uring_bench/staging/shard6/pa_txn_write_d5406f40-79b4-11f1-9be0-19fcd191da39.log 
20:35:02.747 [Thread-7] INFO org.apache.cassandra.db.lifecycle.LogTransaction -- Unfinished transaction log, deleting /home/cscotta/projects/cassandra/io_uring_bench/staging/shard8/pa_txn_write_d4eafc40-79b4-11f1-9be0-19fcd191da39.log 
20:35:02.853 [Thread-10] INFO org.apache.cassandra.db.lifecycle.LogTransaction -- Unfinished transaction log, deleting /home/cscotta/projects/cassandra/io_uring_bench/staging/shard9/pa_txn_write_d5be51d0-79b4-11f1-9be0-19fcd191da39.log 
20:35:02.912 [Thread-9] INFO org.apache.cassandra.db.lifecycle.LogTransaction -- Unfinished transaction log, deleting /home/cscotta/projects/cassandra/io_uring_bench/staging/shard2/pa_txn_write_d4e64150-79b4-11f1-9be0-19fcd191da39.log 
  60,000,000 / 64,000,000  (732457 rows/s)
20:35:03.351 [Thread-5] INFO org.apache.cassandra.db.lifecycle.LogTransaction -- Unfinished transaction log, deleting /home/cscotta/projects/cassandra/io_uring_bench/staging/shard7/pa_txn_write_d61a0660-79b4-11f1-9be0-19fcd191da39.log 
20:35:03.524 [Thread-6] INFO org.apache.cassandra.db.lifecycle.LogTransaction -- Unfinished transaction log, deleting /home/cscotta/projects/cassandra/io_uring_bench/staging/shard1/pa_txn_write_d5b5ed60-79b4-11f1-9be0-19fcd191da39.log 
20:35:03.532 [Thread-2] INFO org.apache.cassandra.db.lifecycle.LogTransaction -- Unfinished transaction log, deleting /home/cscotta/projects/cassandra/io_uring_bench/staging/shard0/pa_txn_write_d63110d0-79b4-11f1-9be0-19fcd191da39.log 
20:35:03.804 [Thread-11] INFO org.apache.cassandra.db.lifecycle.LogTransaction -- Unfinished transaction log, deleting /home/cscotta/projects/cassandra/io_uring_bench/staging/shard3/pa_txn_write_d615c0a0-79b4-11f1-9be0-19fcd191da39.log 
20:35:04.117 [Thread-8] INFO org.apache.cassandra.db.lifecycle.LogTransaction -- Unfinished transaction log, deleting /home/cscotta/projects/cassandra/io_uring_bench/staging/shard4/pa_txn_write_d66d7d90-79b4-11f1-9be0-19fcd191da39.log 
20:35:04.478 [Thread-7] INFO org.apache.cassandra.db.lifecycle.LogTransaction -- Unfinished transaction log, deleting /home/cscotta/projects/cassandra/io_uring_bench/staging/shard8/pa_txn_write_d6b31210-79b4-11f1-9be0-19fcd191da39.log 
20:35:04.587 [Thread-4] INFO org.apache.cassandra.db.lifecycle.LogTransaction -- Unfinished transaction log, deleting /home/cscotta/projects/cassandra/io_uring_bench/staging/shard6/pa_txn_write_d6a92700-79b4-11f1-9be0-19fcd191da39.log 
20:35:04.628 [Thread-10] INFO org.apache.cassandra.db.lifecycle.LogTransaction -- Unfinished transaction log, deleting /home/cscotta/projects/cassandra/io_uring_bench/staging/shard9/pa_txn_write_d6bada40-79b4-11f1-9be0-19fcd191da39.log 
20:35:05.056 [Thread-5] INFO org.apache.cassandra.db.lifecycle.LogTransaction -- Unfinished transaction log, deleting /home/cscotta/projects/cassandra/io_uring_bench/staging/shard7/pa_txn_write_d7043f50-79b4-11f1-9be0-19fcd191da39.log 
20:35:05.311 [Thread-9] INFO org.apache.cassandra.db.lifecycle.LogTransaction -- Unfinished transaction log, deleting /home/cscotta/projects/cassandra/io_uring_bench/staging/shard2/pa_txn_write_d6c5fdd0-79b4-11f1-9be0-19fcd191da39.log 
20:35:05.460 [Thread-6] INFO org.apache.cassandra.db.lifecycle.LogTransaction -- Unfinished transaction log, deleting /home/cscotta/projects/cassandra/io_uring_bench/staging/shard1/pa_txn_write_d71ef340-79b4-11f1-9be0-19fcd191da39.log 
20:35:05.460 [Thread-11] INFO org.apache.cassandra.db.lifecycle.LogTransaction -- Unfinished transaction log, deleting /home/cscotta/projects/cassandra/io_uring_bench/staging/shard3/pa_txn_write_d74a4900-79b4-11f1-9be0-19fcd191da39.log 
20:35:05.930 [Thread-2] INFO org.apache.cassandra.db.lifecycle.LogTransaction -- Unfinished transaction log, deleting /home/cscotta/projects/cassandra/io_uring_bench/staging/shard0/pa_txn_write_d72a64f0-79b4-11f1-9be0-19fcd191da39.log 
20:35:06.078 [Thread-3] INFO org.apache.cassandra.db.lifecycle.LogTransaction -- Unfinished transaction log, deleting /home/cscotta/projects/cassandra/io_uring_bench/staging/shard5/pa_txn_write_d69b6b60-79b4-11f1-9be0-19fcd191da39.log 
20:35:06.385 [Thread-8] INFO org.apache.cassandra.db.lifecycle.LogTransaction -- Unfinished transaction log, deleting /home/cscotta/projects/cassandra/io_uring_bench/staging/shard4/pa_txn_write_d77d66f0-79b4-11f1-9be0-19fcd191da39.log 
20:35:06.509 [Thread-4] INFO org.apache.cassandra.db.lifecycle.LogTransaction -- Unfinished transaction log, deleting /home/cscotta/projects/cassandra/io_uring_bench/staging/shard6/pa_txn_write_d7c32280-79b4-11f1-9be0-19fcd191da39.log 
20:35:06.703 [Thread-10] INFO org.apache.cassandra.db.lifecycle.LogTransaction -- Unfinished transaction log, deleting /home/cscotta/projects/cassandra/io_uring_bench/staging/shard9/pa_txn_write_d7c915f0-79b4-11f1-9be0-19fcd191da39.log 
20:35:06.784 [Thread-5] INFO org.apache.cassandra.db.lifecycle.LogTransaction -- Unfinished transaction log, deleting /home/cscotta/projects/cassandra/io_uring_bench/staging/shard7/pa_txn_write_d80b2800-79b4-11f1-9be0-19fcd191da39.log 
20:35:06.872 [Thread-7] INFO org.apache.cassandra.db.lifecycle.LogTransaction -- Unfinished transaction log, deleting /home/cscotta/projects/cassandra/io_uring_bench/staging/shard8/pa_txn_write_d7b53fd0-79b4-11f1-9be0-19fcd191da39.log 
20:35:07.130 [Thread-6] INFO org.apache.cassandra.db.lifecycle.LogTransaction -- Unfinished transaction log, deleting /home/cscotta/projects/cassandra/io_uring_bench/staging/shard1/pa_txn_write_d848cd40-79b4-11f1-9be0-19fcd191da39.log 
20:35:07.153 [Thread-9] INFO org.apache.cassandra.db.lifecycle.LogTransaction -- Unfinished transaction log, deleting /home/cscotta/projects/cassandra/io_uring_bench/staging/shard2/pa_txn_write_d8334970-79b4-11f1-9be0-19fcd191da39.log 
20:35:07.524 [Thread-11] INFO org.apache.cassandra.db.lifecycle.LogTransaction -- Unfinished transaction log, deleting /home/cscotta/projects/cassandra/io_uring_bench/staging/shard3/pa_txn_write_d8517fd0-79b4-11f1-9be0-19fcd191da39.log 
20:35:07.656 [Thread-3] INFO org.apache.cassandra.db.lifecycle.LogTransaction -- Unfinished transaction log, deleting /home/cscotta/projects/cassandra/io_uring_bench/staging/shard5/pa_txn_write_d8a54520-79b4-11f1-9be0-19fcd191da39.log 
20:35:07.965 [Thread-2] INFO org.apache.cassandra.db.lifecycle.LogTransaction -- Unfinished transaction log, deleting /home/cscotta/projects/cassandra/io_uring_bench/staging/shard0/pa_txn_write_d89120e0-79b4-11f1-9be0-19fcd191da39.log 
20:35:08.082 [Thread-4] INFO org.apache.cassandra.db.lifecycle.LogTransaction -- Unfinished transaction log, deleting /home/cscotta/projects/cassandra/io_uring_bench/staging/shard6/pa_txn_write_d8e645c0-79b4-11f1-9be0-19fcd191da39.log 
20:35:08.197 [Thread-8] INFO org.apache.cassandra.db.lifecycle.LogTransaction -- Unfinished transaction log, deleting /home/cscotta/projects/cassandra/io_uring_bench/staging/shard4/pa_txn_write_d8d9c2a0-79b4-11f1-9be0-19fcd191da39.log 
20:35:08.301 [Thread-10] INFO org.apache.cassandra.db.lifecycle.LogTransaction -- Unfinished transaction log, deleting /home/cscotta/projects/cassandra/io_uring_bench/staging/shard9/pa_txn_write_d9042e00-79b4-11f1-9be0-19fcd191da39.log 
20:35:08.480 [Thread-7] INFO org.apache.cassandra.db.lifecycle.LogTransaction -- Unfinished transaction log, deleting /home/cscotta/projects/cassandra/io_uring_bench/staging/shard8/pa_txn_write_d91dd080-79b4-11f1-9be0-19fcd191da39.log 
20:35:08.529 [Thread-5] INFO org.apache.cassandra.db.lifecycle.LogTransaction -- Unfinished transaction log, deleting /home/cscotta/projects/cassandra/io_uring_bench/staging/shard7/pa_txn_write_d910d830-79b4-11f1-9be0-19fcd191da39.log 
20:35:08.545 [Thread-11] INFO org.apache.cassandra.db.lifecycle.LogTransaction -- Unfinished transaction log, deleting /home/cscotta/projects/cassandra/io_uring_bench/staging/shard3/pa_txn_write_d9840c60-79b4-11f1-9be0-19fcd191da39.log 
20:35:08.786 [Thread-6] INFO org.apache.cassandra.db.lifecycle.LogTransaction -- Unfinished transaction log, deleting /home/cscotta/projects/cassandra/io_uring_bench/staging/shard1/pa_txn_write_d96030b0-79b4-11f1-9be0-19fcd191da39.log 
20:35:08.815 [Thread-9] INFO org.apache.cassandra.db.lifecycle.LogTransaction -- Unfinished transaction log, deleting /home/cscotta/projects/cassandra/io_uring_bench/staging/shard2/pa_txn_write_d9505230-79b4-11f1-9be0-19fcd191da39.log 
20:35:09.072 [Thread-3] INFO org.apache.cassandra.db.lifecycle.LogTransaction -- Unfinished transaction log, deleting /home/cscotta/projects/cassandra/io_uring_bench/staging/shard5/pa_txn_write_d9954a70-79b4-11f1-9be0-19fcd191da39.log 
20:35:09.142 [Thread-8] INFO org.apache.cassandra.db.lifecycle.LogTransaction -- Unfinished transaction log, deleting /home/cscotta/projects/cassandra/io_uring_bench/staging/shard4/pa_txn_write_d9e84c70-79b4-11f1-9be0-19fcd191da39.log 
20:35:09.399 [Thread-7] INFO org.apache.cassandra.db.lifecycle.LogTransaction -- Unfinished transaction log, deleting /home/cscotta/projects/cassandra/io_uring_bench/staging/shard8/pa_txn_write_da168860-79b4-11f1-9be0-19fcd191da39.log 
20:35:09.456 [Thread-4] INFO org.apache.cassandra.db.lifecycle.LogTransaction -- Unfinished transaction log, deleting /home/cscotta/projects/cassandra/io_uring_bench/staging/shard6/pa_txn_write_d9d89500-79b4-11f1-9be0-19fcd191da39.log 
20:35:09.512 [Thread-2] INFO org.apache.cassandra.db.lifecycle.LogTransaction -- Unfinished transaction log, deleting /home/cscotta/projects/cassandra/io_uring_bench/staging/shard0/pa_txn_write_d9c952c0-79b4-11f1-9be0-19fcd191da39.log 
20:35:09.694 [Thread-6] INFO org.apache.cassandra.db.lifecycle.LogTransaction -- Unfinished transaction log, deleting /home/cscotta/projects/cassandra/io_uring_bench/staging/shard1/pa_txn_write_da420530-79b4-11f1-9be0-19fcd191da39.log 
20:35:09.936 [Thread-5] INFO org.apache.cassandra.db.lifecycle.LogTransaction -- Unfinished transaction log, deleting /home/cscotta/projects/cassandra/io_uring_bench/staging/shard7/pa_txn_write_da1fd730-79b4-11f1-9be0-19fcd191da39.log 
20:35:10.163 [Thread-9] INFO org.apache.cassandra.db.lifecycle.LogTransaction -- Unfinished transaction log, deleting /home/cscotta/projects/cassandra/io_uring_bench/staging/shard2/pa_txn_write_da464af0-79b4-11f1-9be0-19fcd191da39.log 
20:35:10.359 [Thread-3] INFO org.apache.cassandra.db.lifecycle.LogTransaction -- Unfinished transaction log, deleting /home/cscotta/projects/cassandra/io_uring_bench/staging/shard5/pa_txn_write_da6d8200-79b4-11f1-9be0-19fcd191da39.log 
20:35:10.363 [Thread-4] INFO org.apache.cassandra.db.lifecycle.LogTransaction -- Unfinished transaction log, deleting /home/cscotta/projects/cassandra/io_uring_bench/staging/shard6/pa_txn_write_daa81a00-79b4-11f1-9be0-19fcd191da39.log 
20:35:10.806 [Thread-2] INFO org.apache.cassandra.db.lifecycle.LogTransaction -- Unfinished transaction log, deleting /home/cscotta/projects/cassandra/io_uring_bench/staging/shard0/pa_txn_write_dab0a580-79b4-11f1-9be0-19fcd191da39.log 
20:35:10.846 [Thread-5] INFO org.apache.cassandra.db.lifecycle.LogTransaction -- Unfinished transaction log, deleting /home/cscotta/projects/cassandra/io_uring_bench/staging/shard7/pa_txn_write_daf15800-79b4-11f1-9be0-19fcd191da39.log 
20:35:11.093 [Thread-9] INFO org.apache.cassandra.db.lifecycle.LogTransaction -- Unfinished transaction log, deleting /home/cscotta/projects/cassandra/io_uring_bench/staging/shard2/pa_txn_write_db13fb30-79b4-11f1-9be0-19fcd191da39.log 
20:35:11.281 [Thread-3] INFO org.apache.cassandra.db.lifecycle.LogTransaction -- Unfinished transaction log, deleting /home/cscotta/projects/cassandra/io_uring_bench/staging/shard5/pa_txn_write_db320a80-79b4-11f1-9be0-19fcd191da39.log 
20:35:11.724 [Thread-2] INFO org.apache.cassandra.db.lifecycle.LogTransaction -- Unfinished transaction log, deleting /home/cscotta/projects/cassandra/io_uring_bench/staging/shard0/pa_txn_write_db763f70-79b4-11f1-9be0-19fcd191da39.log 
Done: 64,000,000 rows across 10 shards in 91s -> /home/cscotta/projects/cassandra/io_uring_bench/staging
